Shah_contrast.1,Shah_contrast.2,Shah_contrast.3,Shah_contrast.4,Shah_contrast.5,Shah_contrast.6,Shah_contrast.7,Shah_contrast.8,Shah_contrast.9,Shah_contrast.10,Shah_contrast.11,Shah_contrast.12,Shah_contrast.13,Shah_contrast.14,Shah_contrast.15,Shah_contrast.16,Shah_contrast.17,Shah_contrast.18
Cox5a,Narf,Rpl13,Rab5b,Pdgfb,Gpr107,Gmpr,Brat1,Ccnd2,Armc6,Galnt1,Scpep1,Acap1,Cnnm3,Arpp19,Ube2c,Itgb7,NA
Mcts1,Xpo6,Rmnd5b,Fmr1,Acvrl1,Clec2g,Hddc2,Raf1,Cd52,Flii,Ell2,Gm2a,Sec14l2,Cd320,Tvp23b,Ggct,Man1a,NA
Ccl3,Itgb2l,Nhp2,Pcnt,Abhd15,Clec10a,Cdh1,Tom1l2,Pfdn5,Mast2,Ubl3,Dnmt3l,Slc1a3,Aven,Rxrg,Ercc1,Chn2,NA
Ift20,Cdh4,Tubb5,Nom1,Mmp14,Sp1,Pparg,Tubgcp3,Trappc6a,Tbl2,Sipa1l2,Kpnb1,Rfx5,Epor,Plxdc1,Ifi35,Adam19,NA
Uxt,Hk2,Ddx18,Ap4e1,Mapk7,Ap1m2,Kcnn3,Nacc1,Med25,Smpd4,Rmnd5a,Hsf2bp,Tnr,Slc44a4,Pnpla5,Prpsap1,Csf1,NA
Acp5,Myo18a,Nfix,Hltf,Cfp,Angptl2,Pxmp4,Tsc2,Pafah1b3,Hipk1,Glg1,Acp2,Il12rb2,Ift43,Sgk1,Dbndd2,Abca1,NA
Fbxo9,Hip1r,Fam50a,Ranbp2,Ckb,Eif2ak4,Lsr,Axl,Trim28,Ewsr1,Hfe,Psap,Pdk4,Ppp2cb,Ltc4s,Pcgf2,Sdc4,NA
Zmat2,Heatr6,Ndufa11,Msh6,Rapsn,Zfp287,Abhd3,Il17ra,Ndufa2,Ubp1,Tle1,Adgre1,Tc2n,Pam16,Xbp1,Mtrf1l,Uhrf1bp1l,NA
Ifrd1,Zfp276,Use1,Ctr9,Clptm1,Adcy9,Snrpd1,Ap2a2,Rnf166,Evi5l,Bnip2,Mcm5,Eci3,Camta1,Krt19,Taf15,Lats2,NA
Akr1b3,Mcm3ap,Mien1,Eif4g2,Apoe,Apc,Rpl3l,Kif20a,Endog,Cad,Eps8,Tnpo1,Golm1,Mafk,Plcd3,Tcam1,Mefv,NA
Eef1e1,Uhrf1,Gtf2f1,Kit,Tbc1d8,Kctd20,Slc9a3r2,Dnmt1,Surf1,Arnt,Stard13,Mcu,Clcn2,Gpx3,Ttc8,Zscan26,Gbe1,NA
Capns1,Brpf1,Mrpl2,Nectin4,Cyp4f18,Dnase1,Alkbh7,Ikbkg,H2-M2,Mybl2,Nup50,Hyal1,Gabbr1,Dhrs13,Rnf180,Cmss1,Tiam2,NA
Blvra,Nup214,Mrpl4,Qrich1,Il7r,Eps8l1,Timmdc1,Prcc,Mrps18c,Dnah11,Pacsin2,Fads1,Sema6d,Gadd45g,Uchl3,Slc15a2,Vegfa,NA
Idh3g,Slc1a5,Rabac1,Saal1,Stat3,Cers4,Sri,Ubqln1,H2bc4,G3bp1,Appbp2,Pea15a,Cdc25b,Catsper3,Dab2,Ccndbp1,Clic5,NA
Ssr4,Supt6,Rps11,Tgfbr1,Spic,Trpm2,Tfam,Ampd3,Cdk5rap3,Alox12e,Epb41l2,Fcgr1,Bmp2,Rnaseh2b,Dcaf13,Zeb1,Ccnj,NA
Rhoc,Spag5,Med29,Man1a2,Bid,Kcnq1,Large1,Tmem184b,Slc25a35,Arrb1,Sgpl1,Timp2,Pik3ca,Rcbtb2,Cpox,Ppic,Traf1,NA
Lmf1,Top3a,Bax,Kansl3,Matk,Tex15,Ppp1cc,Bcl2l13,Il20ra,Isyna1,Appl2,Ywhah,Cd2,Wdyhv1,Rrp36,Spindoc,Rasgrp1,NA
Borcs8,Nab1,Rpl8,Tnpo3,Sgsh,Sh3bp5l,Mcemp1,Nav1,Fam241b,Nuak1,Snx13,Ccl9,Afap1,Rabl2,Cript,Ddit3,Nfatc2,NA
Rgs19,Hbp1,Cwc15,Zfp715,Sh2b2,Prdm15,Srp19,Med15,Id2,Lgr5,Gna13,Slc36a2,Ppm1n,Hhex,Alppl2,Dtymk,Dyrk2,NA
Tgfb1,Foxj2,Emg1,Pten,Rcn1,Map3k4,Dnajb9,Ankrd28,Wscd1,Helb,Rabep1,Adap2,Magee1,Ankrd2,Hnmt,Meig1,Inpp5b,NA
Naa20,Dgcr2,Atp6v1f,Hps5,Htra1,Hivep2,Cnksr3,Med22,Timm22,Llgl1,Galc,Psmd12,Xkrx,Sat1,Lrrc57,Arpc5l,Nol9,NA
Mea1,Etv3,Slc25a18,Chfr,Elk3,Gata3,Awat1,Tox4,Dcaf4,Ftsj3,Trappc13,Myh10,Bmx,Sbds,Gtf2b,Nbea,Cd38,NA
Kdelr1,Snrnp200,Cstb,Casd1,Plcd1,Cacna1d,Slpi,Etaa1,Zfp369,Fbf1,Cln5,Lgmn,Slc7a2,Tatdn3,Nfia,Casp6,Gbp9,NA
Hmgn2,Brd8,Ube2m,Setdb1,Adssl1,Il10,2810408A11Rik,Matn4,Pcsk1,Adck1,Nup155,Ly86,Herpud1,Mgst3,Cdkl2,Polr3gl,Klrk1,NA
Atp5d,Nfat5,Sra1,Mtrex,Etv5,Nt5c3b,Plscr3,Nbr1,Zc3h13,Lman2,Washc5,Cd180,Cx3cl1,Trdmt1,Tmem209,Exosc3,Swap70,NA
Fkbp11,Myo9b,Snf8,Brca1,Plekho1,Traf4,Cops6,Med24,Rgcc,Mxd3,Endou,Hexb,Rora,Cdk5rap1,Cidec,Ambp,Ptgs2,NA
Pld3,Dgkq,Tmem147,Crk,Castor2,Ada,Cyb561,Abr,Rab2b,Ecd,Nde1,Ctsb,Slc25a36,Cisd2,Arl6ip1,Khk,Fanca,NA
Calr,Ndrg1,Rps9,Pank3,Pdcd1lg2,Retreg3,Frk,Acly,Adcy4,Zswim8,Ildr1,Nufip1,Rims3,Casz1,F9,Zkscan14,Ccl5,NA
Hmox2,Polr2a,Tfpt,Slc35b4,Cyth1,Rnf145,Cd164,Atl1,Retreg1,L3mbtl2,Cd86,Oxct1,Ttc7b,Nmnat1,Rpusd4,Fus,Uvrag,NA
Phb2,Mprip,Pfdn2,Stxbp5,Pltp,Lrp11,Perp,Susd6,Grhl2,Fam83f,Ifnar1,Umps,Dysf,Cxcl1,Trf,Smim19,Tnfsf9,NA
Ly9,Zfp592,Cyba,Pald1,Myo1c,Utrn,Ntn4,Golga5,Mrpl13,Crybg3,Qpct,Itgb5,Mga,Adipor2,Ramp1,Il15,Dennd5a,NA
Rab11a,Pan2,Acot13,Cand1,Abi3,Med23,Pbld2,Tnfaip2,Wdr53,Runx1,Washc2,Tmem50b,R3hcc1,LTO1,P2ry13,Taf1c,Tbc1d2b,NA
Prdx2,Ncoa2,Lsm2,Actr2,Rad51d,Hcfc2,Pwwp3a,Kif13a,Prr13,Gart,Pstpip2,Ifnar2,Filip1,Syt8,Lrg1,Neil1,Ifi206,NA
Txn2,Dhx34,Lrrc8a,Osbpl8,Cxcl16,Ppm1m,Phlda1,Dapk1,Cdkn1a,Igf2r,Copg2,Gtf2ird1,Ubd,Dhodh,Shank2,Crebl2,Jarid2,NA
Ndufs3,Crkl,0610009B22Rik,Fbxw11,Slc6a8,Jade2,Arsg,Serinc5,Slc17a9,Twsg1,Fn1,Rab3il1,Adrb1,Fbxl2,Tob1,Dnajc17,Trps1,NA
Psmd4,Usp19,Hnrnpa0,Tns3,Akt3,Ascc2,Adcy3,Hmbox1,Mrpl14,Myo1f,Tnfrsf11a,Slc25a45,Reep6,Trib3,Nsrp1,Lcat,Rap1gap2,NA
Psmb4,Ezh1,Rplp1,Stxbp4,P4ha1,Map2k6,Mnat1,Lcp1,2700062C07Rik,C2,Cfh,Esyt1,Gramd4,Ccdc88a,Btbd10,Vps13c,F13a1,NA
Reep5,Gtpbp3,Ap2s1,Pik3cg,Arg1,Ern1,Mak,Xpo7,Ring1,Hmgxb3,Nvl,Paox,Sstr4,Neurl1b,Sobp,Znrd1,Stx11,NA
Ergic3,Hdac5,Sertad1,Ncoa1,Slc29a3,Ctc1,Marveld2,Nptxr,H2-Oa,Ms4a3,Olfm1,Nrp1,H2-DMb2,Uchl4,Mpp6,Rbm8a,Sh3kbp1,NA
Odr4,Met,Rps18,Rffl,Vsir,Nrde2,Ocln,Vdr,Fas,Ppp2r5b,Ptpra,Fam20c,Plcl2,Lzts2,Slc7a5,Arfrp1,Sh2b3,NA
Atp5g1,Nxf1,Rps15a,Ankfy1,Apc2,Mtr,Dusp13,Glyr1,Cdk2ap2,Ltbp3,Spint1,Alkbh8,Tgfb2,Polr3g,Tmc7,Golga4,Kdm7a,NA
Tbcb,2610507B11Rik,Vps72,Cpd,Slc22a4,Elovl2,Slc22a17,Mroh1,Acy3,Fgd1,Mfsd1,Cln8,Slc9a8,C530008M17Rik,Trim46,Agbl3,Flt3,NA
Fblim1,Ptprs,Fxyd5,Gosr2,Pdlim4,Susd3,Laptm4b,Dnm1l,Cyp26a1,Gaa,Papss1,Ifi211,Rxrb,Tmem177,Cd24a,Rpl12,Ppp2r3a,NA
Osgep,Ube2z,Rps25,Gtf2a1,Atxn7l1,Ippk,Sla,Arhgap31,Casp7,Uqcrc1,Wls,Tcp11l1,March9,Spry1,E130311K13Rik,Dusp10,Ifi209,NA
Crip1,Anapc1,Nedd8,Sel1l,Kif3c,Rasa1,Yaf2,Agap3,Fuom,Pigq,Ube2j1,Chst1,Trem1,Itln1,Fam118b,Ifi203,Hs3st3a1,NA
Med8,Piezo1,Mrpl52,Hif1a,Sec14l1,Iqgap2,Tbc1d23,Synj2,Dst,Glb1l,Tex10,Adal,Itga1,Snrnp25,Fam171a1,Dok4,Arl4c,NA
Aprt,Wdfy2,Rbm25,Exoc2,Abcc3,Dnah12,Fstl1,Tbc1d5,Dnajc1,Asb1,Ndc1,Gclm,C1galt1,Fam221b,Mettl5,Lsm8,Plagl2,NA
Mettl1,Strip1,Thg1l,Ripk1,Xylt2,Sema3g,Tmem41a,Ubr2,Fam166a,Cdk18,Lrrc41,Fabp3,Hilpda,Pced1b,Sae1,Paxx,Tarm1,NA
Clic1,Msh3,Rps5,Agtpbp1,Rtn1,Rhobtb2,Pigp,Stk38,Slc43a3,Parp1,Anapc4,Orc5,Trp53bp1,1700056E22Rik,Zfand2a,H1f4,Ece1,NA
Tssk4,Unkl,Enkd1,Trip13,Pcnx,Drosha,Fhl1,Ccdc167,Adam33,Capn2,Ugdh,Cds1,Snhg11,Stbd1,Pdlim1,H1f5,Rapgef2,NA
Rhoa,Lrrk1,Elof1,Tppp,Pacs2,Fbxo32,Epas1,Abca3,Fam98b,Tmem63a,Antxr2,Anxa3,E230025N22Rik,Brd8dc,Fam136a,Trim5,Zbtb34,NA
Rpl10,Erbb3,Tmem208,Cast,Aoah,Josd1,Pigf,Ift140,Bpifa1,Ak1,Diablo,Mark4,Scml4,2310022A10Rik,Zfp105,Phf5a,Fcho1,NA
Rala,Stk4,Acsf3,Erbin,Carmil1,Nckap1l,Celf4,Svil,Mrgbp,Abl1,Vps33a,Ophn1,Hjurp,Ceacam19,Arl1,H4c4,Ifi213,NA
Dynll1,Shroom1,Edf1,Il6st,Sema4d,Prm1,Col11a2,Wdr33,Arfgap1,Camsap1,Sec61a1,Vps26b,Dmd,Smim11,Btbd9,Rpp25,Tnnc1,NA
Srp14,Mtmr4,Mrpl32,Glud1,Lpcat1,Cep97,Tmem138,Tcerg1,Ptgfrn,Cwc22,Cyfip1,Mpzl2,Rln3,Pfdn4,Itgb1bp1,Rap1a,NA,NA
Dmap1,Acsl1,Bola1,Slmap,Gpr65,Gcsam,Ms4a8a,Me2,S100a11,Ehd4,Ccdc22,Slc37a2,Adrb2,Thoc7,Tmed5,Slfn9,NA,NA
Ick,Sart3,Atp5e,Mtmr6,Extl3,Dgcr8,Tcf7l2,Atp9b,Crtc2,Kat14,Stard8,1700017B05Rik,Otulin,Tafa5,Fcrlb,Cox7a1,NA,NA
Rdm1,Zfp687,Ppdpf,Trim35,Fyb,St3gal6,Maoa,Isoc1,Slc50a1,Mfn1,Tlr3,Ppib,Ticrr,Cebpb,Olfr1330,Zfp960,NA,NA
Pigyl,Slc35e1,Ndufa1,Slc39a14,Slc7a8,St6gal1,Abhd6,Rfk,Pla2g12a,Slc27a3,Gnpat,Cmtm7,Agmo,Cxcl2,I830077J02Rik,NA,NA,NA
Cars,Mical1,Cr1l,Fbxl3,Rai14,Itsn1,Dnase1l3,Ddb1,Epha7,Sema4a,Rcn2,Fkbp1a,Prag1,Acyp2,Commd6,NA,NA,NA
Akt1s1,Crybg1,Rpl19,Tars,Mief1,Krt7,Adhfe1,Ppp6r3,Hint2,F3,Ciao2a,Cd300a,Msrb3,Zfp428,Gm5150,NA,NA,NA
Tbrg1,Apaf1,Cox7c,Nadk2,Sept3,Csad,Slc9a4,Pik3ap1,Calr4,B4galt2,Mamdc2,Nrip3,D630039A03Rik,Polr1c,Klhl33,NA,NA,NA
Rpl15,Micu1,Atox1,Atp13a3,Rogdi,Rttn,Nabp1,Dclre1a,Acot7,Ncdn,Idua,Tgfbi,Nrgn,Smok2b,NA,NA,NA,NA
Atraid,Dock2,Mrpl58,Slc35a5,Alcam,Pla2g7,Xrcc5,Hspa12a,4930548H24Rik,Ago3,Hsdl1,Acta2,Lgals4,Ifi207,NA,NA,NA,NA
Zfp385c,Stk10,Med11,Usp25,Tarbp2,Aars2,Stk25,Fasn,Olfr109,H6pd,Pdk3,Map11,Tcim,Sh2d1b2,NA,NA,NA,NA
Cacybp,Sptbn1,Fis1,Synj1,Cxcl13,Pi16,Mlph,Scd2,2010109A12Rik,Pcdh7,Tdrd7,Stox2,Drc3,Gm14548,NA,NA,NA,NA
Cmc2,Cyfip2,Tmem160,Vwa5a,Abcc1,Lpin2,Nmt2,Mgat4a,Arl6ip4,Klhl8,Misp,Bcl9,Ebf1,Mocs3,NA,NA,NA,NA
Ceacam16,Cnot6,D8Ertd738e,Phf10,Gps2,Birc6,Apbb1ip,Tmem131,Oasl2,Tfip11,Cerk,BC028528,Adtrp,Naa80,NA,NA,NA,NA
Psmb1,Myo1g,Polr2i,Tnfrsf21,Tmem176a,Srbd1,Kynu,Plekhb2,Herc2,Ints1,Zscan21,Myo16,Spock2,Tmsb15b1,NA,NA,NA,NA
Trappc2l,Smtn,Hint3,Arhgap28,Tpi1,Tpgs2,Dusp19,Copa,Fah,Hyal5,Syn1,Xaf1,Mamld1,Cd200r2,NA,NA,NA,NA
Mocs2,Pold2,1700021F05Rik,Akap8,Fgd2,Zfp871,Napb,Nek2,Snx20,Bcl2l14,Hgsnat,Apobec1,Zfp422,Dynlt1b,NA,NA,NA,NA
Nat9,Aebp1,Snrpf,Strn,Epb41l3,Arap3,Wwtr1,Itga8,Vps4a,Tmem238,Uggt1,Mgl2,Patj,Ccdc166,NA,NA,NA,NA
Atp6v0e,Galnt10,Anapc16,Pja2,Fam234a,Trim8,Gask1b,Pmpca,St14,Il4ra,Slc43a2,Zfand4,Zkscan7,Mroh6,NA,NA,NA,NA
Pdzd11,Sdc1,Ndufs7,Prss30,Bin1,Nhlrc2,Ctsk,Ttc17,Mgll,Disp1,Vill,B3galnt1,Sema3e,NA,NA,NA,NA,NA
Psma2,Map3k3,Sf3a2,Fkbp5,Aif1,Hdgfl3,Adgrl2,Ubr1,AA467197,Plk1,Abitram,Tmem86b,Cdc42ep5,NA,NA,NA,NA,NA
Ctsz,Ddx42,Timm13,Lars,Nedd4l,Loxl4,Atp6v0d2,Zfp106,Cryzl2,Wwc2,Itga9,Tmem104,Macrod2,NA,NA,NA,NA,NA
Ube2a,Helz,Hint1,Dpysl3,Csf1r,Ifitm1,Enho,Atrn,Iqsec1,Vps37a,Adgrg6,Nxpe5,Efcc1,NA,NA,NA,NA,NA
Eif3d,Cluh,Rack1,Napg,Ms4a7,Zfp282,Hook1,Gzf1,Dhrs11,Ednra,Rbpj,Gpr157,Cited4,NA,NA,NA,NA,NA
Srsf6,Unk,Pttg1,Htr7,Tollip,Als2,Ccdc30,Kif3b,Isg15,Eif2ak3,Daglb,Gm4737,Klrg2,NA,NA,NA,NA,NA
Coa3,Llgl2,Rps27a,Apba1,Arhgap19,Il1r1,Lypla2,Ect2,Cdhr3,Pik3r2,Ndst2,Mmp12,Zfp9,NA,NA,NA,NA,NA
Pigt,Nos2,Mrps24,Lrp5,Zdhhc16,Stat1,Ptpn12,Ahcyl1,Hspb6,Wwp2,Fgl2,Tmem37,9430069I07Rik,NA,NA,NA,NA,NA
Stard3,Prpf8,Sap30l,Shoc2,Adpgk,B3gat2,Yrdc,Coro2a,Ttc29,Lactb,Armh3,Mafg,Dcst2,NA,NA,NA,NA,NA
Psmb6,Spag9,Pctp,Zdhhc6,Baiap2,Plcd4,Trnau1ap,Aco1,Dexi,Mapkapk3,Zc3h12d,Tlr11,NA,NA,NA,NA,NA,NA
Spag7,Aloxe3,Nt5c,Tm9sf3,Adam8,Abcb6,Prom1,Nol6,Tapbpl,Srxn1,Cop1,Rab7b,NA,NA,NA,NA,NA,NA
C1qbp,Top2a,Mrpl38,R3hcc1l,Ifitm5,Mcm6,Dipk1a,Abcf2,Rras,Ttll4,Cables1,Ubl7,NA,NA,NA,NA,NA,NA
Ctdnep1,Stat5b,4933427D14Rik,Erlin1,Hk3,Srgap2,Rassf6,Slc4a2,Bud31,Rpap1,Bend6,Fez2,NA,NA,NA,NA,NA,NA
Elp5,Ralgapa1,Aurkb,Arih1,Casp12,Klhl12,Flt1,D5Ertd579e,Ephx1,Hdlbp,Stab1,Blnk,NA,NA,NA,NA,NA,NA
Gabarap,Nin,Stx8,Limd1,Paqr8,Mpzl1,Wasl,Copg1,Stap2,Tmed8,Tmem183a,Hspb11,NA,NA,NA,NA,NA,NA
Phf23,Wdr37,Lsm12,Gnl3l,Cyp27a1,Il1rn,Prickle2,Clec12b,1110008P14Rik,Pomt2,Arel1,Arhgap22,NA,NA,NA,NA,NA,NA
Copz2,Mlh3,Degs2,Usp33,Slc11a1,Itga6,Ruvbl1,Ercc2,Prrc2b,Vps18,Snx18,Ethe1,NA,NA,NA,NA,NA,NA
Tnfsfm13,Gpatch2l,Exoc3l4,Dock9,Htr2b,Slc28a2,Clec1b,Siglece,Bahcc1,Sppl2b,Eif3j2,Zfp467,NA,NA,NA,NA,NA,NA
Mpdu1,Traf3,Uqcrb,March8,Gpr35,Cdan1,Sspn,Myh14,Cc2d2a,Mboat7,Lhfpl2,Wfdc17,NA,NA,NA,NA,NA,NA
Atp5g3,Nup153,Ndufs6,Itgb1,Serpinb8,Sdcbp2,Bhlhe41,Myo7a,Trub2,Zswim4,Pid1,Eif4e3,NA,NA,NA,NA,NA,NA
Cd68,Wrnip1,Btf3,Slc39a10,Rgl1,Tbl1xr1,Sbk2,Rnf141,Rab11fip2,Dok3,Lrrc8d,NA,NA,NA,NA,NA,NA,NA
Ccl6,Prpf4b,Ndufs4,Inpp5d,Smyd2,Src,Dnajb13,Hdac6,Slc25a34,5031439G07Rik,Kcnk6,NA,NA,NA,NA,NA,NA,NA
Atp6v1e1,Slc6a19,Nkiras1,Nek7,Pfkfb3,Dhx35,Spns1,Erlin2,Iqcc,Mgat5,B3gntl1,NA,NA,NA,NA,NA,NA,NA
Cops3,Ero1l,Spcs1,Rbbp5,Stxbp1,Trim2,F7,Ptpn7,Pla2g2d,Snapc4,Rbm33,NA,NA,NA,NA,NA,NA,NA
Ddx39b,Nisch,Mrpl57,Soat1,St6galnac6,Iqgap3,Mt2,Wrn,Nthl1,Lrrn3,Tnfsf15,NA,NA,NA,NA,NA,NA,NA
Gyg,Xpo4,Dnajc15,Iars2,Eng,Cdh17,Map1lc3b,Adcy7,Serpina3g,Kidins220,B3galt6,NA,NA,NA,NA,NA,NA,NA
Mrpl24,Dcp1a,Nipbl,Dclre1c,Card9,Bspry,Gabarapl2,Amfr,Wdr74,Thap11,Tmem123,NA,NA,NA,NA,NA,NA,NA
Rwdd1,Spata13,Dad1,Sephs1,Gatm,Zdhhc21,Trim29,Ilf3,Il17re,Ehmt1,Acvr2a,NA,NA,NA,NA,NA,NA,NA
Snx3,Gpalpp1,Psmb5,Zeb2,Jag1,Reck,Oaf,Myo1e,S100a1,Unc93b1,Immt,NA,NA,NA,NA,NA,NA,NA
Aig1,Myo10,Ngdn,Dnajc10,Rassf2,Usp24,Plet1,Tgfbr2,Liph,Ttc13,Rnf103,NA,NA,NA,NA,NA,NA,NA
Ltv1,Tef,Psme1,Caprin1,Gnb4,Eps15,C2cd2l,Pik3r4,Cdc42ep2,Hhat,Nrd1,NA,NA,NA,NA,NA,NA,NA
Gtf3c6,Tab1,Eif3h,Api5,Olfml3,Dock7,Nrg4,Mier3,Eid2,Endod1,Trim65,NA,NA,NA,NA,NA,NA,NA
Igf1,C1qtnf6,Eny2,Spred1,Mcub,Gpx7,Aph1b,Abcc4,Hmga1,Bicd2,Atrnl1,NA,NA,NA,NA,NA,NA,NA
Washc3,Myh9,Ndufb9,Stard7,Adam15,Map3k6,Plscr4,Fbxo21,Selplg,Dhx38,Zcchc24,NA,NA,NA,NA,NA,NA,NA
Uqcr11,1810013L24Rik,Tomm22,Sec23b,Cd72,Mthfr,Pygm,Senp1,Ggnbp1,Ripor1,Lair1,NA,NA,NA,NA,NA,NA,NA
Llph,Cldn1,Parvb,Tti1,Lrrc42,Rgs12,Ucp3,Spg11,Tmem202,Atf7ip2,B4galt6,NA,NA,NA,NA,NA,NA,NA
Tmbim4,Anks3,Smdt1,Skil,Mknk1,Cenpc1,Myo6,Larp4b,Shisa3,Slc45a1,Rab31,NA,NA,NA,NA,NA,NA,NA
Hmg20b,Oplah,Ly6e,Rap1gds1,Zfp593,P2rx7,Mrps17,Fam20b,Lgr4,Lats1,Abce1,NA,NA,NA,NA,NA,NA,NA
Nudcd2,Scrib,Zcrb1,Asph,Csf3r,Golga3,Flvcr2,Exoc6b,Dscam,Lrp1,Skap2,NA,NA,NA,NA,NA,NA,NA
Arf5,Rrn3,Ncbp2,Map3k7,Ski,Ccr9,Gbp8,Pds5b,C77080,Btbd16,Atp8b4,NA,NA,NA,NA,NA,NA,NA
Rtn4,Abcc5,Atp5j,Kdm4c,Prxl2b,Mad1l1,Cyb561a3,Cpsf1,Rpusd3,Os9,Zbtb40,NA,NA,NA,NA,NA,NA,NA
Cfap36,Dyrk1a,Sod1,Slc44a1,Lrpap1,Clec4d,Gpr33,Plekhm1,Dnah6,Igsf23,Fnip2,NA,NA,NA,NA,NA,NA,NA
Dbnl,Dop1b,Ndufa5,Epb41,Zcchc4,Lrp6,Nat14,Pcnx4,Brsk2,Ckap5,Flvcr1,NA,NA,NA,NA,NA,NA,NA
Rps6kb1,Son,Pim1,Casp9,Pigg,Efcab12,Myrf,Ice1,Sh2d4a,Irgq,Vxn,NA,NA,NA,NA,NA,NA,NA
Znhit3,Paxbp1,Ndufv3,Klhl7,Rufy3,Dmwd,Colec12,Morc2a,Tescl,Msantd2,Tmem19,NA,NA,NA,NA,NA,NA,NA
Ggnbp2,Adcy6,Myl12a,Dhx15,Rilpl1,Blm,Calm2,Fam214a,Rnf181,Armc5,C5ar2,NA,NA,NA,NA,NA,NA,NA
Laptm4a,Dip2b,Ralbp1,Pi4k2b,Stx2,Il21r,Mcoln3,Sidt2,H2-T22,Ccdc84,Ccr5,NA,NA,NA,NA,NA,NA,NA
Nle1,Celsr3,Mrpl28,Tbc1d14,Limk1,Phka2,Syde2,Secisbp2l,Cndp1,Tmem74b,Tm4sf19,NA,NA,NA,NA,NA,NA,NA
Txndc17,Sfi1,Uqcc2,Atp2a2,Cux1,Mcf2l,Sik2,Arhgap5,Gsk3a,Sowahd,Nap1l2,NA,NA,NA,NA,NA,NA,NA
Slc6a4,Chd1,Taf11,Ankle2,Irf5,1700029H14Rik,Ovol2,Heatr5a,Smim4,Med26,Pira2,NA,NA,NA,NA,NA,NA,NA
Ywhae,Cmtr1,Pfdn6,Usp12,Tmem176b,Vegfc,Serpine1,Pcsk7,Capn11,1700067K01Rik,Fsbp,NA,NA,NA,NA,NA,NA,NA
Nme2,Glp1r,Psmb8,Ahcyl2,Osbpl3,Fgfr1,Best1,Tab3,Fcgr4,Lrrc75a,Ankrd66,NA,NA,NA,NA,NA,NA,NA
Slc35b1,Xdh,Csnk2b,Zfp638,Plxnd1,Hp,Slc18b1,Gtf3c4,Spag11b,Spata2,Tpbgl,NA,NA,NA,NA,NA,NA,NA
Trappc6b,Man2a1,Prrc2a,Fbxl14,Etv6,Zfp821,Tnfrsf23,Prkx,H2-Q7,Tmem198b,Kctd12,NA,NA,NA,NA,NA,NA,NA
Ppp2r3c,Mapk8ip3,Mrpl27,Edem1,Plbd1,Bbs2,Vopp1,Edc4,Ifitm2,Pygo2,NA,NA,NA,NA,NA,NA,NA,NA
Psma6,Kdm4b,Rpp21,Mtmr10,Ldhb,Cotl1,Snn,Tmem260,Olfr920,Smcr8,NA,NA,NA,NA,NA,NA,NA,NA
Timm9,Mib1,Diaph1,Iqgap1,Synm,D230025D16Rik,Tlcd2,Arhgap21,Mcpt4,Ap5b1,NA,NA,NA,NA,NA,NA,NA,NA
Npc2,Adamts10,Rps14,Pik3c2a,Art2b,Mns1,Abhd17c,Jmjd4,Manbal,Ppp6r1,NA,NA,NA,NA,NA,NA,NA,NA
Fcf1,Cep192,Psat1,Ubfd1,Itgam,Ice2,Adk,Socs5,1110038F14Rik,Ndst1,NA,NA,NA,NA,NA,NA,NA,NA
Erg28,Slc12a2,Fth1,Rrm1,Rgs10,Anp32a,Il18,Prmt9,Mtx1,Skida1,NA,NA,NA,NA,NA,NA,NA,NA
Hsp90aa1,Tle4,Banf1,Usp9x,Enox2,Fam219b,Lyplal1,Taf2,Plcxd1,Eif3b,NA,NA,NA,NA,NA,NA,NA,NA
Atp5mpl,Cemip2,Aip,Gpkow,Il2rg,Stoml1,Smarcal1,Fer1l5,mt-Nd2,Zfp595,NA,NA,NA,NA,NA,NA,NA,NA
Tmem14c,Atg2a,Pold4,Wdr13,Rnf128,Trip4,Mreg,Fam168b,mt-Nd5,Tor4a,NA,NA,NA,NA,NA,NA,NA,NA
Tpmt,Jak2,Mrpl11,Msn,Atp11a,Eomes,Mtmr7,Ctnna1,mt-Nd6,Ppp4r1,NA,NA,NA,NA,NA,NA,NA,NA
Eci2,Syvn1,Drap1,Taf1,Gas6,Mlh1,Mrps6,Sirpa,Serpina3f,Slc22a21,NA,NA,NA,NA,NA,NA,NA,NA
Aopep,Tnks2,Cenpx,Mtm1,Agpat5,Acpp,Klhdc4,Kdm1b,Bmpr2,Izumo1,NA,NA,NA,NA,NA,NA,NA,NA
Ctsl,Pitpnm1,Ubtd1,L1cam,Tnfsf13b,Pdxk,Kazn,Opa1,Klra3,Myoz1,NA,NA,NA,NA,NA,NA,NA,NA
Prelid1,Ehbp1l1,Ndufb8,Rbm41,Tpm4,Pwp2,Ppp1r13l,Cnbd2,Romo1,Mfhas1,NA,NA,NA,NA,NA,NA,NA,NA
Pcbd2,Plcb3,Mrpl43,Adam9,Sprtn,Hspa13,Chil3,Trappc11,Jund,1700029J07Rik,NA,NA,NA,NA,NA,NA,NA,NA
Cxcl14,Gpam,Rps24,Galnt7,Cryab,Afap1l1,Htr2c,Snrk,2510002D24Rik,Ccnf,NA,NA,NA,NA,NA,NA,NA,NA
Cetn3,Aldh18a1,Rps26,Smarca5,Cadm1,Gm5134,Plekha6,Pde4dip,Uqcc3,Zfp951,NA,NA,NA,NA,NA,NA,NA,NA
2210016F16Rik,Add3,Nabp2,Ap1g1,Il10ra,Stk36,Enc1,Tsr1,Slfn2,Exoc8,NA,NA,NA,NA,NA,NA,NA,NA
Pdcd6,Pdcd11,Paip1,Tcf12,Tmed1,Ptprm,Tdrkh,Fbxo25,Tmsb15l,Cib3,NA,NA,NA,NA,NA,NA,NA,NA
Mrpl36,Hps1,Zfp511,Fem1b,Pkm,Tmem131l,Rapgef5,Trp53inp2,Xlr3b,Mon1b,NA,NA,NA,NA,NA,NA,NA,NA
Vdac2,Oga,Rplp2,Usp28,Pstpip1,Ccp110,Dhrs7b,Usp5,Gm8909,Rps6kc1,NA,NA,NA,NA,NA,NA,NA,NA
Comtd1,Flnb,Tmem192,Dpp8,Tspan3,Emid1,Atpaf2,Cdc40,Rpl31,Ugt1a1,NA,NA,NA,NA,NA,NA,NA,NA
Ube2e1,Ptprj,Cbx8,Cmtm6,Tpm1,Synrg,Aqp11,Nfe2l1,Rpl13a,Kcnmb3,NA,NA,NA,NA,NA,NA,NA,NA
Prxl2a,Kdm5c,Eif4a3,Stt3b,Folr2,1700020L24Rik,Borcs5,Man2a2,Sdhaf1,Fancf,NA,NA,NA,NA,NA,NA,NA,NA
Nudt13,Rptor,Rpl14,Pik3cb,Slc8b1,Kiss1r,Crppa,Cables2,Dnlz,NA,NA,NA,NA,NA,NA,NA,NA,NA
Ebpl,Sdc3,Higd2a,Dnajc13,Gng11,Arsi,Tmem64,Usp6nl,Selenoh,NA,NA,NA,NA,NA,NA,NA,NA,NA
Cryl1,Zdhhc3,Klf7,Atp2c1,Cspg4,Micall2,Rnf227,Fndc3b,Ankrd63,NA,NA,NA,NA,NA,NA,NA,NA,NA
Eef1akmt1,Nrp2,Eef1b2,Prkar2a,Gas7,Kif15,Ubxn10,Sec24c,Cisd3,NA,NA,NA,NA,NA,NA,NA,NA,NA
Bnip3l,Trak2,Eif5b,Usp4,Vav1,Pml,1190005I06Rik,Ptger4,Dact3,NA,NA,NA,NA,NA,NA,NA,NA,NA
Sorbs3,Ppm1f,Sdhaf4,Arid2,Gpc1,Hk1,Serpinb1a,Dag1,Tmsb10,NA,NA,NA,NA,NA,NA,NA,NA,NA
Itm2b,Ankzf1,Smap1,Map2k4,Slc25a37,Zcwpw1,Shld1,Dtx4,Pet100,NA,NA,NA,NA,NA,NA,NA,NA,NA
Ropn1l,Atg16l1,Ddx59,Trappc8,Cpne2,Mgarp,Nudt18,Edrf1,Churc1,NA,NA,NA,NA,NA,NA,NA,NA,NA
Emc2,Relch,Ifi202b,Clasp2,Polr3b,Traf3ip3,Tnfrsf26,Ambra1,Samd15,NA,NA,NA,NA,NA,NA,NA,NA,NA
Parvg,Lamc1,Med27,Ctdspl2,Inpp5j,Slc12a9,Hcar2,Hnrnpul1,Zfp977,NA,NA,NA,NA,NA,NA,NA,NA,NA
Litaf,Ahctf1,Spaca9,Fam160b1,Rrp12,Cdkn1c,Whamm,Slc19a2,Gm28041,NA,NA,NA,NA,NA,NA,NA,NA,NA
Eef2kmt,Uhmk1,Dpm2,Fndc3a,Hpse,Mphosph9,Plaur,Vps41,Gm49320,NA,NA,NA,NA,NA,NA,NA,NA,NA
Tsta3,Zbtb43,Ntmt1,Vps8,Capn5,Sgsm2,Cystm1,Dmxl2,Gm45521,NA,NA,NA,NA,NA,NA,NA,NA,NA
Mzt2,Sec16a,Ndufa8,Atp7a,Togaram1,Olfml2b,Krt1,Pi4ka,NA,NA,NA,NA,NA,NA,NA,NA,NA,NA
Ntan1,Abca2,Nmi,Zbtb41,Usp35,Cep85l,Atxn1,Gpr155,NA,NA,NA,NA,NA,NA,NA,NA,NA,NA
Mrpl40,Psd4,Nop10,Cipc,Tmem161b,Kdm3b,Dip2c,Rassf4,NA,NA,NA,NA,NA,NA,NA,NA,NA,NA
Tfg,Cers6,Rtf1,Zfp661,Cd276,Pi4kb,Cxcr1,Fbxo38,NA,NA,NA,NA,NA,NA,NA,NA,NA,NA
Slc49a4,Slc12a6,Spef1,Foxn2,Sh3bp4,Atp6v0e2,Exd1,Dennd4b,NA,NA,NA,NA,NA,NA,NA,NA,NA,NA
Cela1,Hipk3,Snrpb,Ncapd3,Gpi1,Nup133,Tmem53,Prdm10,NA,NA,NA,NA,NA,NA,NA,NA,NA,NA
Msrb2,Arhgap1,Rrbp1,Eif2s3x,C1qa,Kmo,Vstm2a,Usp22,NA,NA,NA,NA,NA,NA,NA,NA,NA,NA
Rpp14,Zgpat,Zbp1,Slfn8,C1qc,Spsb1,Catsperg1,Mrap2,NA,NA,NA,NA,NA,NA,NA,NA,NA,NA
C1qtnf12,Itch,Psma7,Tut7,C1qb,Gbp2b,Mical3,Gpr153,NA,NA,NA,NA,NA,NA,NA,NA,NA,NA
Mrps23,Ralgapb,Raly,G2e3,Stag3,Pvr,Lrrc3,2510009E07Rik,NA,NA,NA,NA,NA,NA,NA,NA,NA,NA
Mpc1,Ncoa3,Rnpc3,Rabgap1,Wdhd1,Scamp5,Cpne8,Chil5,NA,NA,NA,NA,NA,NA,NA,NA,NA,NA
Hcfc1r1,Slc7a11,Lamtor2,Tstd2,Stk35,Rcsd1,Phgdh,Slc36a4,NA,NA,NA,NA,NA,NA,NA,NA,NA,NA
Mrps18a,Tsc22d2,Gpatch4,Dcaf10,Smim3,Hectd2,Ech1,4930503L19Rik,NA,NA,NA,NA,NA,NA,NA,NA,NA,NA
Dpy30,Notch2,Rps3a1,Ids,Slamf7,Kif14,Afp,Scaf8,NA,NA,NA,NA,NA,NA,NA,NA,NA,NA
Ndufv2,Ddx20,Ptbp2,Uba6,Scarf1,Coro2b,Zfp1,Ermp1,NA,NA,NA,NA,NA,NA,NA,NA,NA,NA
Cuta,Adar,Rps20,Dock4,Sesn1,Oasl1,Cldn23,Mlec,NA,NA,NA,NA,NA,NA,NA,NA,NA,NA
Acsbg3,Pear1,Txn1,Slain2,Arl5c,Dcaf17,Tmem154,Myof,NA,NA,NA,NA,NA,NA,NA,NA,NA,NA
Zfp523,Elp1,Dmac1,Slf2,Gpr162,Inpp5f,Lepr,Fkrp,NA,NA,NA,NA,NA,NA,NA,NA,NA,NA
Cox7a2l,Tln1,Rps6,Gxylt1,Cpq,Mrtfa,Btnl4,Zfp518a,NA,NA,NA,NA,NA,NA,NA,NA,NA,NA
Ccny,Jak1,Itgb3bp,Hif1an,Anpep,Ikbke,Kmt5c,Zscan29,NA,NA,NA,NA,NA,NA,NA,NA,NA,NA
Pfdn1,Cdkn2c,Ndufs5,Cab39,Rreb1,Serpinb6b,Serpinb6a,Klk13,NA,NA,NA,NA,NA,NA,NA,NA,NA,NA
Tmem173,Cc2d1b,Eif2b3,Wdr44,Zmynd8,Fam124b,Mkx,Lclat1,NA,NA,NA,NA,NA,NA,NA,NA,NA,NA
Dcp2,Tceanc2,Ebna1bp2,Topors,Ncoa5,Ly6g5b,Krt79,Rnf169,NA,NA,NA,NA,NA,NA,NA,NA,NA,NA
Cd74,Rnf220,Mrto4,Dna2,Slc26a11,Rell2,Hipk2,Rcan3,NA,NA,NA,NA,NA,NA,NA,NA,NA,NA
Mrpl16,Eif4g3,Sh3bgrl3,Rab8b,Bahd1,Mab21l3,Rufy4,Gak,NA,NA,NA,NA,NA,NA,NA,NA,NA,NA
Ostf1,Fbxo42,Rpl22,Fam91a1,Rbms2,Gpr4,Ces2c,Syne2,NA,NA,NA,NA,NA,NA,NA,NA,NA,NA
Ccdc86,Mtor,Park7,Pomk,Thbs1,Tnfaip8l1,Irgc1,Tmem167b,NA,NA,NA,NA,NA,NA,NA,NA,NA,NA
Cdc42bpg,Fam126a,Cdk5,Jade3,C3ar1,Plppr4,Zfp119b,Fam8a1,NA,NA,NA,NA,NA,NA,NA,NA,NA,NA
Rps6kb2,Pank4,Tomm7,Bag4,Tmem51,Phf11a,Scfd2,Tgfbrap1,NA,NA,NA,NA,NA,NA,NA,NA,NA,NA
Tmem134,Nadk,Mrpl20,Ints7,Efhd2,Proser2,Ear6,Eme2,NA,NA,NA,NA,NA,NA,NA,NA,NA,NA
Capn1,Htt,Zfp326,Pank2,Mthfd1l,Tet1,Hacd1,Ppp1r12b,NA,NA,NA,NA,NA,NA,NA,NA,NA,NA
Esrra,Add1,Hsd17b11,Prkci,Camta2,Gpr68,Rab44,Emc1,NA,NA,NA,NA,NA,NA,NA,NA,NA,NA
Vegfb,Fosl2,Psph,Atp8a1,Lat2,Ust,BC003965,Fam174b,NA,NA,NA,NA,NA,NA,NA,NA,NA,NA
Sfxn2,Ccng2,Arpc3,Dennd4c,Zmynd15,Mmgt2,Xlr4b,Naip6,NA,NA,NA,NA,NA,NA,NA,NA,NA,NA
Gsto1,Kntc1,Rpl6,Haus6,Atp1a3,Fndc9,Pex11g,Mfsd4b4,NA,NA,NA,NA,NA,NA,NA,NA,NA,NA
Arhgdia,Brap,Polr1d,Sbf2,Mcm3,Gm12185,Wfdc10,Zfp87,NA,NA,NA,NA,NA,NA,NA,NA,NA,NA
Anapc11,Pxn,Pomp,Kif16b,Fam83g,Zbtb5,Top1,NA,NA,NA,NA,NA,NA,NA,NA,NA,NA,NA
Got1,Ube3b,Ppp1r35,Ube3c,Mindy2,F2rl3,Lilra5,NA,NA,NA,NA,NA,NA,NA,NA,NA,NA,NA
Tsr2,Gcc1,Asns,Zzz3,Mybph,Ankrd37,Fam189a2,NA,NA,NA,NA,NA,NA,NA,NA,NA,NA,NA
Cd63,Gm20605,Nt5c3,Sec24d,Map3k9,2900026A02Rik,6720489N17Rik,NA,NA,NA,NA,NA,NA,NA,NA,NA,NA,NA
Ormdl2,Zkscan1,Malsu1,Megf9,Apol7c,Rab11fip5,Slc39a2,NA,NA,NA,NA,NA,NA,NA,NA,NA,NA,NA
Pa2g4,Avl9,Luc7l2,Rab3gap2,Lacc1,Nup188,Ear2,NA,NA,NA,NA,NA,NA,NA,NA,NA,NA,NA
Cnpy2,Fam131b,Nfu1,Morc3,Slc16a13,Mast1,Acrbp,NA,NA,NA,NA,NA,NA,NA,NA,NA,NA,NA
Dctn2,Ccdc184,Lilra6,Dse,Tent5c,Cd8a,H2-Q6,NA,NA,NA,NA,NA,NA,NA,NA,NA,NA,NA
Bet1l,Gfpt1,Rpl28,Hnrnpu,Shb,Ifi205,C4b,NA,NA,NA,NA,NA,NA,NA,NA,NA,NA,NA
Psmd13,Nup210,Snrpa1,Ints13,Tlr1,Maf,Spint2,NA,NA,NA,NA,NA,NA,NA,NA,NA,NA,NA
Hras,Itpr1,Nfkbib,Plekha1,Zfp367,Prtn3,Gm15448,NA,NA,NA,NA,NA,NA,NA,NA,NA,NA,NA
Apool,Atf7ip,Psmc4,Abhd13,Cxcr4,Ankrd29,Kdelr2,NA,NA,NA,NA,NA,NA,NA,NA,NA,NA,NA
Crcp,Etnk1,Det1,Usp45,Kcnk13,Zfp329,Gm11100,NA,NA,NA,NA,NA,NA,NA,NA,NA,NA,NA
Sumf2,Itgal,Mrpl46,Manea,Sh3tc2,Phf21a,Atg4a,NA,NA,NA,NA,NA,NA,NA,NA,NA,NA,NA
Nop16,Ate1,Cox6a2,Tex2,Mtus1,Eno3,B3gnt7,NA,NA,NA,NA,NA,NA,NA,NA,NA,NA,NA
Acadl,Dock11,Pycard,Wdr7,Neurl3,Cracr2a,Znrd2,NA,NA,NA,NA,NA,NA,NA,NA,NA,NA,NA
Sumo1,Elf4,Akip1,Psme4,Gpr141b,Dot1l,Xlr4a,NA,NA,NA,NA,NA,NA,NA,NA,NA,NA,NA
Ndufb3,Rbmx2,Eif3f,Wdr43,Fgfbp3,Olfr99,Fcor,NA,NA,NA,NA,NA,NA,NA,NA,NA,NA,NA
Mrpl30,Flna,Ndufb11,Wwp1,Entpd1,Btbd3,Gm49359,NA,NA,NA,NA,NA,NA,NA,NA,NA,NA,NA
Pecr,Hcfc1,Pqbp1,Phf8,Mcmbp,Ifnlr1,NA,NA,NA,NA,NA,NA,NA,NA,NA,NA,NA,NA
Atic,Arhgap4,Pbdc1,Uspl1,Clec4a1,Csprs,NA,NA,NA,NA,NA,NA,NA,NA,NA,NA,NA,NA
Speg,Rasa3,Cox7b,Atg2b,C5ar1,Ica1,NA,NA,NA,NA,NA,NA,NA,NA,NA,NA,NA,NA
Ptma,Tnks,Rps4x,Zfp281,Lrrc25,Brpf3,NA,NA,NA,NA,NA,NA,NA,NA,NA,NA,NA,NA
Farsb,Rbl2,Plpp5,Camsap2,Vwa3b,Pilrb1,NA,NA,NA,NA,NA,NA,NA,NA,NA,NA,NA,NA
Mrpl44,Tnpo2,Cox4i1,Utp15,Sarm1,Lrch1,NA,NA,NA,NA,NA,NA,NA,NA,NA,NA,NA,NA
Ndufa10,Cdyl2,Lsm4,Cpsf2,Pld4,Nat8f4,NA,NA,NA,NA,NA,NA,NA,NA,NA,NA,NA,NA
Rgs1,Gse1,Ciao2b,Efhc1,Cx3cr1,Runx3,NA,NA,NA,NA,NA,NA,NA,NA,NA,NA,NA,NA
Tsn,Zdhhc7,Psmb10,Ammecr1l,B630019K06Rik,Arhgef10,NA,NA,NA,NA,NA,NA,NA,NA,NA,NA,NA,NA
Dbi,Mbtps1,Rp9,Tango6,Prkcb,1500011B03Rik,NA,NA,NA,NA,NA,NA,NA,NA,NA,NA,NA,NA
Arl8a,Dctn1,Cox7a2,Spidr,Clec12a,BC025920,NA,NA,NA,NA,NA,NA,NA,NA,NA,NA,NA,NA
Ppfia4,Nfatc3,Rpl4,Ncapg2,Slamf8,Gm3550,NA,NA,NA,NA,NA,NA,NA,NA,NA,NA,NA,NA
Mr1,Crtam,Rpsa,Csgalnact2,Cnn3,Gp6,NA,NA,NA,NA,NA,NA,NA,NA,NA,NA,NA,NA
Tagln2,Tyk2,Pebp1,Zfp386,Kcnn4,Kcnip3,NA,NA,NA,NA,NA,NA,NA,NA,NA,NA,NA,NA
Ccdc181,Kif23,Polr2f,Hnrnpf,Tmem119,Tex9,NA,NA,NA,NA,NA,NA,NA,NA,NA,NA,NA,NA
Suv39h2,Tle3,Rtp4,Zfp451,Zfp101,Phf11c,NA,NA,NA,NA,NA,NA,NA,NA,NA,NA,NA,NA
Enkur,Clk3,Crlf2,Specc1,Ptafr,Smim40,NA,NA,NA,NA,NA,NA,NA,NA,NA,NA,NA,NA
Rsu1,Cldn18,Acbd6,Zmym6,Glipr1,Olfr700,NA,NA,NA,NA,NA,NA,NA,NA,NA,NA,NA,NA
Pter,Map4,Mrpl15,Agps,Ide,Zfp870,NA,NA,NA,NA,NA,NA,NA,NA,NA,NA,NA,NA
Psmb7,Dhx30,Ndufb7,Edem3,Palld,Rnaset2a,NA,NA,NA,NA,NA,NA,NA,NA,NA,NA,NA,NA
Coq4,Trak1,Batf,Dpy19l1,Espl1,2310034G01Rik,NA,NA,NA,NA,NA,NA,NA,NA,NA,NA,NA,NA
Mrrf,Topbp1,Gtf2h5,Mob1a,Tubb2a,Pcdhgb4,NA,NA,NA,NA,NA,NA,NA,NA,NA,NA,NA,NA
Ssna1,Ip6k1,Atp5h,Kbtbd7,Pirb,Gm4356,NA,NA,NA,NA,NA,NA,NA,NA,NA,NA,NA,NA
Timm10,Cdhr4,Ppp1r18,Wdfy3,Zfp516,NA,NA,NA,NA,NA,NA,NA,NA,NA,NA,NA,NA,NA
Ola1,Uba7,Gpsm3,Mgat2,Zdhhc8,NA,NA,NA,NA,NA,NA,NA,NA,NA,NA,NA,NA,NA
Emc4,Eml4,Mrpl34,Ubr3,Maml3,NA,NA,NA,NA,NA,NA,NA,NA,NA,NA,NA,NA,NA
B230118H07Rik,Inppl1,Rps29,Rnf216,Pgk1,NA,NA,NA,NA,NA,NA,NA,NA,NA,NA,NA,NA,NA
Dnajc24,Gtf3c1,Parm1,B230219D22Rik,Tlr12,NA,NA,NA,NA,NA,NA,NA,NA,NA,NA,NA,NA,NA
Eif3m,Arap1,Kri1,Cmtr2,Cd300lb,NA,NA,NA,NA,NA,NA,NA,NA,NA,NA,NA,NA,NA
Creb3l1,Zswim6,Anapc13,Pramef8,Gpr84,NA,NA,NA,NA,NA,NA,NA,NA,NA,NA,NA,NA,NA
Idh3b,Micall1,Lars2,Cltc,Slc39a4,NA,NA,NA,NA,NA,NA,NA,NA,NA,NA,NA,NA,NA
Cd93,Npat,Oaz1,Ythdf3,Chil1,NA,NA,NA,NA,NA,NA,NA,NA,NA,NA,NA,NA,NA
Nsfl1c,Triobp,Cops4,Akap10,Slc31a1,NA,NA,NA,NA,NA,NA,NA,NA,NA,NA,NA,NA,NA
Fabp5,Atg9a,Mid1,Tmem229a,Hmgn3,NA,NA,NA,NA,NA,NA,NA,NA,NA,NA,NA,NA,NA
Ndufb5,Szt2,Cox18,Rgmb,Cryba4,NA,NA,NA,NA,NA,NA,NA,NA,NA,NA,NA,NA,NA
Ufm1,Ipo13,Eif1,Ckap2l,H2bc21,NA,NA,NA,NA,NA,NA,NA,NA,NA,NA,NA,NA,NA
Rab13,Specc1l,Ndufa3,Lemd3,Syt11,NA,NA,NA,NA,NA,NA,NA,NA,NA,NA,NA,NA,NA
Jtb,Sf3b3,Alg12,Slc39a9,Marcks,NA,NA,NA,NA,NA,NA,NA,NA,NA,NA,NA,NA,NA
Pmvk,Tubgcp5,Cox8a,Rtl5,Nlrp1a,NA,NA,NA,NA,NA,NA,NA,NA,NA,NA,NA,NA,NA
Gar1,Mapkbp1,Rpp25l,Zfp260,Mpzl3,NA,NA,NA,NA,NA,NA,NA,NA,NA,NA,NA,NA,NA
Egf,Fgd5,Ndufa13,Zbtb14,Rnf213,NA,NA,NA,NA,NA,NA,NA,NA,NA,NA,NA,NA,NA
Aimp1,Zdhhc5,Serbp1,Rspry1,Treml2,NA,NA,NA,NA,NA,NA,NA,NA,NA,NA,NA,NA,NA
Decr1,Ogt,Tmem258,Eif5a2,Armc2,NA,NA,NA,NA,NA,NA,NA,NA,NA,NA,NA,NA,NA
Coq3,Ccnd3,Cox6b1,Heatr1,B3gnt6,NA,NA,NA,NA,NA,NA,NA,NA,NA,NA,NA,NA,NA
Smim8,Polq,Rps27l,Pdik1l,Omp,NA,NA,NA,NA,NA,NA,NA,NA,NA,NA,NA,NA,NA
Anp32b,Fam53c,Psenen,Sgms2,Osgin1,NA,NA,NA,NA,NA,NA,NA,NA,NA,NA,NA,NA,NA
Nans,Mtmr3,Lin37,Zfp11,Ccdc61,NA,NA,NA,NA,NA,NA,NA,NA,NA,NA,NA,NA,NA
Alad,Parp14,Mrpl41,Nup160,Mafb,NA,NA,NA,NA,NA,NA,NA,NA,NA,NA,NA,NA,NA
Chmp5,Dhx8,Ndufc1,Cdc42se2,Plxnc1,NA,NA,NA,NA,NA,NA,NA,NA,NA,NA,NA,NA,NA
Rad23b,Hrh2,Cyb561d2,Ltn1,Selenom,NA,NA,NA,NA,NA,NA,NA,NA,NA,NA,NA,NA,NA
Nudt2,Dhx57,Pacrg,Nav2,Slc45a4,NA,NA,NA,NA,NA,NA,NA,NA,NA,NA,NA,NA,NA
Creb3,Leng8,Bcdin3d,Ddx10,Eid1,NA,NA,NA,NA,NA,NA,NA,NA,NA,NA,NA,NA,NA
Clta,Rsf1,Rps16,Mapk14,Phf11b,NA,NA,NA,NA,NA,NA,NA,NA,NA,NA,NA,NA,NA
St3gal3,Rubcn,Mrpl23,Cstf2t,Gm16867,NA,NA,NA,NA,NA,NA,NA,NA,NA,NA,NA,NA,NA
Laptm5,Sbno2,Ackr1,Spcs3,Gm9903,NA,NA,NA,NA,NA,NA,NA,NA,NA,NA,NA,NA,NA
Magoh,Abca7,Fau,Tmem62,Ms4a14,NA,NA,NA,NA,NA,NA,NA,NA,NA,NA,NA,NA,NA
Svbp,Arl5a,Higd1a,Slc8a1,Gm49368,NA,NA,NA,NA,NA,NA,NA,NA,NA,NA,NA,NA,NA
Hmgcl,Rab3gap1,Mllt6,Adam10,NA,NA,NA,NA,NA,NA,NA,NA,NA,NA,NA,NA,NA,NA
Fuca1,Gmip,Atp5j2,Per2,NA,NA,NA,NA,NA,NA,NA,NA,NA,NA,NA,NA,NA,NA
Ptch2,Lrrk2,Trmt112,Mia3,NA,NA,NA,NA,NA,NA,NA,NA,NA,NA,NA,NA,NA,NA
Urod,Exoc1,Rps21,Socs6,NA,NA,NA,NA,NA,NA,NA,NA,NA,NA,NA,NA,NA,NA
Akr1a1,Sbf1,Timm8b,Cep170,NA,NA,NA,NA,NA,NA,NA,NA,NA,NA,NA,NA,NA,NA
Nsun4,Cnot1,Mtg1,Upf1,NA,NA,NA,NA,NA,NA,NA,NA,NA,NA,NA,NA,NA,NA
Pef1,Plxnb2,Whrn,Dock1,NA,NA,NA,NA,NA,NA,NA,NA,NA,NA,NA,NA,NA,NA
Tmem234,Oxsr1,Ubald1,Tmod3,NA,NA,NA,NA,NA,NA,NA,NA,NA,NA,NA,NA,NA,NA
Eif3i,Sun1,Oxld1,Usp47,NA,NA,NA,NA,NA,NA,NA,NA,NA,NA,NA,NA,NA,NA
Tmem50a,Arhgap33,Polr2j,Rp2,NA,NA,NA,NA,NA,NA,NA,NA,NA,NA,NA,NA,NA,NA
Psmb2,Ttc7,Ndufb10,Ipmk,NA,NA,NA,NA,NA,NA,NA,NA,NA,NA,NA,NA,NA,NA
Mrps15,Otud4,2310057M21Rik,Gmfb,NA,NA,NA,NA,NA,NA,NA,NA,NA,NA,NA,NA,NA,NA
Ppp1r8,Wdr62,Ccdc114,Cttnbp2nl,NA,NA,NA,NA,NA,NA,NA,NA,NA,NA,NA,NA,NA,NA
Psmc2,Aff3,Dtx3,Klhl24,NA,NA,NA,NA,NA,NA,NA,NA,NA,NA,NA,NA,NA,NA
Rheb,Stag1,Bptf,Ipcef1,NA,NA,NA,NA,NA,NA,NA,NA,NA,NA,NA,NA,NA,NA
Zbtb48,Kdm6a,Dxo,Med14,NA,NA,NA,NA,NA,NA,NA,NA,NA,NA,NA,NA,NA,NA
Fbxo44,Cep85,Snrpd2,Ano6,NA,NA,NA,NA,NA,NA,NA,NA,NA,NA,NA,NA,NA,NA
Mad2l2,Ppfia1,Rps19,Tacc1,NA,NA,NA,NA,NA,NA,NA,NA,NA,NA,NA,NA,NA,NA
Dnajc2,Zbtb42,Trir,Myadm,NA,NA,NA,NA,NA,NA,NA,NA,NA,NA,NA,NA,NA,NA
Pmpcb,Rfx7,Ttc1,Fgfr1op,NA,NA,NA,NA,NA,NA,NA,NA,NA,NA,NA,NA,NA,NA
Pex10,Cramp1l,Cdk13,Zfp975,NA,NA,NA,NA,NA,NA,NA,NA,NA,NA,NA,NA,NA,NA
Gnb1,Atp6v0a2,Rap1gap,Capza1,NA,NA,NA,NA,NA,NA,NA,NA,NA,NA,NA,NA,NA,NA
Sdf4,Kcnj9,Hibch,Klhl9,NA,NA,NA,NA,NA,NA,NA,NA,NA,NA,NA,NA,NA,NA
Bst1,Ccdc50,Rpl21,Map3k5,NA,NA,NA,NA,NA,NA,NA,NA,NA,NA,NA,NA,NA,NA
Rnf32,Ttc39b,Cox6a1,Apcdd1,NA,NA,NA,NA,NA,NA,NA,NA,NA,NA,NA,NA,NA,NA
Ran,Chpf2,Tspo,Ppp1r3e,NA,NA,NA,NA,NA,NA,NA,NA,NA,NA,NA,NA,NA,NA
Vps29,Ncapd2,Rpl37,Arrdc3,NA,NA,NA,NA,NA,NA,NA,NA,NA,NA,NA,NA,NA,NA
Triap1,Smg6,Ndufa7,Ctla2b,NA,NA,NA,NA,NA,NA,NA,NA,NA,NA,NA,NA,NA,NA
Arpc1a,Focad,Gm5617,Ddi2,NA,NA,NA,NA,NA,NA,NA,NA,NA,NA,NA,NA,NA,NA
Mtus2,Foxf2,S100a13,Ccdc82,NA,NA,NA,NA,NA,NA,NA,NA,NA,NA,NA,NA,NA,NA
Gnb2,C1s1,Crtac1,Sap25,NA,NA,NA,NA,NA,NA,NA,NA,NA,NA,NA,NA,NA,NA
Pon3,Cul7,Sem1,Zfx,NA,NA,NA,NA,NA,NA,NA,NA,NA,NA,NA,NA,NA,NA
Gstk1,Ift172,Nek10,Tmem217,NA,NA,NA,NA,NA,NA,NA,NA,NA,NA,NA,NA,NA,NA
Wbp1,Dock10,Tceal9,Tmem170b,NA,NA,NA,NA,NA,NA,NA,NA,NA,NA,NA,NA,NA,NA
Pole4,Phrf1,Dpm3,Shprh,NA,NA,NA,NA,NA,NA,NA,NA,NA,NA,NA,NA,NA,NA
Mrpl19,Pold1,Taf10,Smim13,NA,NA,NA,NA,NA,NA,NA,NA,NA,NA,NA,NA,NA,NA
Ptms,Herc1,Rps2,2610021A01Rik,NA,NA,NA,NA,NA,NA,NA,NA,NA,NA,NA,NA,NA,NA
Clec2d,Rtel1,Uqcrq,Lilrb4a,NA,NA,NA,NA,NA,NA,NA,NA,NA,NA,NA,NA,NA,NA
Camk1,Hoxb5,Tst,NA,NA,NA,NA,NA,NA,NA,NA,NA,NA,NA,NA,NA,NA,NA
Mrpl51,Nup205,Saysd1,NA,NA,NA,NA,NA,NA,NA,NA,NA,NA,NA,NA,NA,NA,NA
Tnfrsf1a,Ralgps1,Rpl18a,NA,NA,NA,NA,NA,NA,NA,NA,NA,NA,NA,NA,NA,NA,NA
Cd9,Vars2,Cox19,NA,NA,NA,NA,NA,NA,NA,NA,NA,NA,NA,NA,NA,NA,NA
Zfp583,Kat7,Snx12,NA,NA,NA,NA,NA,NA,NA,NA,NA,NA,NA,NA,NA,NA,NA
Tyrobp,Dido1,Rpl37a,NA,NA,NA,NA,NA,NA,NA,NA,NA,NA,NA,NA,NA,NA,NA
Psmd8,Cnst,Rbp1,NA,NA,NA,NA,NA,NA,NA,NA,NA,NA,NA,NA,NA,NA,NA
Nucb2,Lmtk2,Bst2,NA,NA,NA,NA,NA,NA,NA,NA,NA,NA,NA,NA,NA,NA,NA
Lipt2,Camk1d,Rpl9,NA,NA,NA,NA,NA,NA,NA,NA,NA,NA,NA,NA,NA,NA,NA
Rps3,Polg,AI837181,NA,NA,NA,NA,NA,NA,NA,NA,NA,NA,NA,NA,NA,NA,NA
Nsmce1,Tbcd,Rps8,NA,NA,NA,NA,NA,NA,NA,NA,NA,NA,NA,NA,NA,NA,NA
Lcmt1,Azi2,Bola2,NA,NA,NA,NA,NA,NA,NA,NA,NA,NA,NA,NA,NA,NA,NA
Bcl7c,Cdk5rap2,Mblac1,NA,NA,NA,NA,NA,NA,NA,NA,NA,NA,NA,NA,NA,NA,NA
Hsd17b14,Rnf122,Krt8,NA,NA,NA,NA,NA,NA,NA,NA,NA,NA,NA,NA,NA,NA,NA
Bcat2,Mtmr12,Rps23,NA,NA,NA,NA,NA,NA,NA,NA,NA,NA,NA,NA,NA,NA,NA
Lamtor1,Asb6,Rpl36al,NA,NA,NA,NA,NA,NA,NA,NA,NA,NA,NA,NA,NA,NA,NA
Mrpl17,Znfx1,Micos13,NA,NA,NA,NA,NA,NA,NA,NA,NA,NA,NA,NA,NA,NA,NA
Arfip2,Uhrf1bp1,Tmsb4x,NA,NA,NA,NA,NA,NA,NA,NA,NA,NA,NA,NA,NA,NA,NA
Uqcrc2,Prex1,Mrps16,NA,NA,NA,NA,NA,NA,NA,NA,NA,NA,NA,NA,NA,NA,NA
Glrx3,Icmt,Idnk,NA,NA,NA,NA,NA,NA,NA,NA,NA,NA,NA,NA,NA,NA,NA
Timm17b,Nploc4,Lsm10,NA,NA,NA,NA,NA,NA,NA,NA,NA,NA,NA,NA,NA,NA,NA
Ebp,Orai2,Lamtor4,NA,NA,NA,NA,NA,NA,NA,NA,NA,NA,NA,NA,NA,NA,NA
Fundc2,Alkbh4,Micos10,NA,NA,NA,NA,NA,NA,NA,NA,NA,NA,NA,NA,NA,NA,NA
2610002M06Rik,Zfand1,Atp5k,NA,NA,NA,NA,NA,NA,NA,NA,NA,NA,NA,NA,NA,NA,NA
Zrsr2,Epg5,Mtln,NA,NA,NA,NA,NA,NA,NA,NA,NA,NA,NA,NA,NA,NA,NA
Renbp,Zfp800,Rps19bp1,NA,NA,NA,NA,NA,NA,NA,NA,NA,NA,NA,NA,NA,NA,NA
Mpp1,Rapgef1,Coa6,NA,NA,NA,NA,NA,NA,NA,NA,NA,NA,NA,NA,NA,NA,NA
Psmd10,Pik3cd,Klf13,NA,NA,NA,NA,NA,NA,NA,NA,NA,NA,NA,NA,NA,NA,NA
Dctn6,Ankrd13c,Oas1a,NA,NA,NA,NA,NA,NA,NA,NA,NA,NA,NA,NA,NA,NA,NA
Mak16,Ipo8,Ubxn8,NA,NA,NA,NA,NA,NA,NA,NA,NA,NA,NA,NA,NA,NA,NA
Tecr,Klhl42,Eif3k,NA,NA,NA,NA,NA,NA,NA,NA,NA,NA,NA,NA,NA,NA,NA
Cenpn,Hs2st1,H2-T24,NA,NA,NA,NA,NA,NA,NA,NA,NA,NA,NA,NA,NA,NA,NA
Mt1,Dcaf1,Mrps21,NA,NA,NA,NA,NA,NA,NA,NA,NA,NA,NA,NA,NA,NA,NA
Ccl17,Fam102b,Cklf,NA,NA,NA,NA,NA,NA,NA,NA,NA,NA,NA,NA,NA,NA,NA
Coq9,Ankib1,Atpif1,NA,NA,NA,NA,NA,NA,NA,NA,NA,NA,NA,NA,NA,NA,NA
Pgls,Bcor,Kxd1,NA,NA,NA,NA,NA,NA,NA,NA,NA,NA,NA,NA,NA,NA,NA
Mvb12a,Aqr,Cope,NA,NA,NA,NA,NA,NA,NA,NA,NA,NA,NA,NA,NA,NA,NA
Gins2,Wdr47,Eef1d,NA,NA,NA,NA,NA,NA,NA,NA,NA,NA,NA,NA,NA,NA,NA
Hsbp1,Gstm2,Elob,NA,NA,NA,NA,NA,NA,NA,NA,NA,NA,NA,NA,NA,NA,NA
Rexo2,Btaf1,Cfl1,NA,NA,NA,NA,NA,NA,NA,NA,NA,NA,NA,NA,NA,NA,NA
Trappc4,Madd,Ppp1r14b,NA,NA,NA,NA,NA,NA,NA,NA,NA,NA,NA,NA,NA,NA,NA
Anxa2,Sft2d2,Fkbp2,NA,NA,NA,NA,NA,NA,NA,NA,NA,NA,NA,NA,NA,NA,NA
Psma4,Crocc,Commd7,NA,NA,NA,NA,NA,NA,NA,NA,NA,NA,NA,NA,NA,NA,NA
Mto1,Fzd7,Trim12c,NA,NA,NA,NA,NA,NA,NA,NA,NA,NA,NA,NA,NA,NA,NA
Nradd,Chd7,Snrpg,NA,NA,NA,NA,NA,NA,NA,NA,NA,NA,NA,NA,NA,NA,NA
Ss18l2,Wapl,Rpl38,NA,NA,NA,NA,NA,NA,NA,NA,NA,NA,NA,NA,NA,NA,NA
1110059G10Rik,Rnf123,Mrpl18,NA,NA,NA,NA,NA,NA,NA,NA,NA,NA,NA,NA,NA,NA,NA
Mrpl3,Mbp,Zfp759,NA,NA,NA,NA,NA,NA,NA,NA,NA,NA,NA,NA,NA,NA,NA
Manf,Gcn1,Fam173a,NA,NA,NA,NA,NA,NA,NA,NA,NA,NA,NA,NA,NA,NA,NA
Eif3l,Ptpre,Bak1,NA,NA,NA,NA,NA,NA,NA,NA,NA,NA,NA,NA,NA,NA,NA
Mcee,Ankrd13a,Rpl32,NA,NA,NA,NA,NA,NA,NA,NA,NA,NA,NA,NA,NA,NA,NA
Casp4,Arhgef11,Rpl36,NA,NA,NA,NA,NA,NA,NA,NA,NA,NA,NA,NA,NA,NA,NA
Alg3,Dstyk,Txndc9,NA,NA,NA,NA,NA,NA,NA,NA,NA,NA,NA,NA,NA,NA,NA
Lgals3bp,Grk3,Rpl23a,NA,NA,NA,NA,NA,NA,NA,NA,NA,NA,NA,NA,NA,NA,NA
Chmp2a,Sun2,Rpl5,NA,NA,NA,NA,NA,NA,NA,NA,NA,NA,NA,NA,NA,NA,NA
Brk1,Gtpbp1,Serhl,NA,NA,NA,NA,NA,NA,NA,NA,NA,NA,NA,NA,NA,NA,NA
Pqlc1,Asxl1,Fcer1g,NA,NA,NA,NA,NA,NA,NA,NA,NA,NA,NA,NA,NA,NA,NA
Ccs,Sin3a,Rex1bd,NA,NA,NA,NA,NA,NA,NA,NA,NA,NA,NA,NA,NA,NA,NA
Pbx2,Alkbh5,Rpl18,NA,NA,NA,NA,NA,NA,NA,NA,NA,NA,NA,NA,NA,NA,NA
Mrps10,Sipa1l1,Naa38,NA,NA,NA,NA,NA,NA,NA,NA,NA,NA,NA,NA,NA,NA,NA
Nagk,Smg7,Rpl11,NA,NA,NA,NA,NA,NA,NA,NA,NA,NA,NA,NA,NA,NA,NA
G6pc3,Gprasp1,Hopx,NA,NA,NA,NA,NA,NA,NA,NA,NA,NA,NA,NA,NA,NA,NA
Dhcr24,Casc1,Wdr83os,NA,NA,NA,NA,NA,NA,NA,NA,NA,NA,NA,NA,NA,NA,NA
Tmem106a,Dock5,Max,NA,NA,NA,NA,NA,NA,NA,NA,NA,NA,NA,NA,NA,NA,NA
Vat1,Fzd1,Znhit1,NA,NA,NA,NA,NA,NA,NA,NA,NA,NA,NA,NA,NA,NA,NA
Hacd2,Lemd2,Uqcr10,NA,NA,NA,NA,NA,NA,NA,NA,NA,NA,NA,NA,NA,NA,NA
Thyn1,Ankrd50,H2aj,NA,NA,NA,NA,NA,NA,NA,NA,NA,NA,NA,NA,NA,NA,NA
Gnptg,Vcpip1,Rpl3,NA,NA,NA,NA,NA,NA,NA,NA,NA,NA,NA,NA,NA,NA,NA
Mpv17l2,Zfp574,Tpt1,NA,NA,NA,NA,NA,NA,NA,NA,NA,NA,NA,NA,NA,NA,NA
Aldh1b1,Wdr81,Ppih,NA,NA,NA,NA,NA,NA,NA,NA,NA,NA,NA,NA,NA,NA,NA
R3hdm4,2410002F23Rik,Rpl35a,NA,NA,NA,NA,NA,NA,NA,NA,NA,NA,NA,NA,NA,NA,NA
H2-Q4,Tmem268,Plaat3,NA,NA,NA,NA,NA,NA,NA,NA,NA,NA,NA,NA,NA,NA,NA
Apex1,Ppp1r15b,Rpl26,NA,NA,NA,NA,NA,NA,NA,NA,NA,NA,NA,NA,NA,NA,NA
Zranb3,Tmem229b,Mrps36,NA,NA,NA,NA,NA,NA,NA,NA,NA,NA,NA,NA,NA,NA,NA
Ankmy2,Zfp740,Rps7,NA,NA,NA,NA,NA,NA,NA,NA,NA,NA,NA,NA,NA,NA,NA
Skp1a,Khnyn,Cox5b,NA,NA,NA,NA,NA,NA,NA,NA,NA,NA,NA,NA,NA,NA,NA
P2ry14,C2cd3,Dlgap4,NA,NA,NA,NA,NA,NA,NA,NA,NA,NA,NA,NA,NA,NA,NA
Ppp1r11,Atmin,Rps17,NA,NA,NA,NA,NA,NA,NA,NA,NA,NA,NA,NA,NA,NA,NA
Rnf13,Tspyl1,Rps12,NA,NA,NA,NA,NA,NA,NA,NA,NA,NA,NA,NA,NA,NA,NA
Cdc42ep3,Ccdc88b,Rpl34,NA,NA,NA,NA,NA,NA,NA,NA,NA,NA,NA,NA,NA,NA,NA
Upf3b,Lonp2,Rpl17,NA,NA,NA,NA,NA,NA,NA,NA,NA,NA,NA,NA,NA,NA,NA
H2-Aa,Cep120,Rpl7a,NA,NA,NA,NA,NA,NA,NA,NA,NA,NA,NA,NA,NA,NA,NA
Alg5,Arhgap30,AI413582,NA,NA,NA,NA,NA,NA,NA,NA,NA,NA,NA,NA,NA,NA,NA
Mag,Acap2,Mrpl42,NA,NA,NA,NA,NA,NA,NA,NA,NA,NA,NA,NA,NA,NA,NA
Tubb4b,Dcaf7,Rpl35,NA,NA,NA,NA,NA,NA,NA,NA,NA,NA,NA,NA,NA,NA,NA
Wnt4,Urgcp,Nol7,NA,NA,NA,NA,NA,NA,NA,NA,NA,NA,NA,NA,NA,NA,NA
Selenof,Nckap5,1190007I07Rik,NA,NA,NA,NA,NA,NA,NA,NA,NA,NA,NA,NA,NA,NA,NA
Tmem97,Zfp646,Rps15,NA,NA,NA,NA,NA,NA,NA,NA,NA,NA,NA,NA,NA,NA,NA
Adam32,Ptges,Snu13,NA,NA,NA,NA,NA,NA,NA,NA,NA,NA,NA,NA,NA,NA,NA
Nenf,Pcdh1,Utp14a,NA,NA,NA,NA,NA,NA,NA,NA,NA,NA,NA,NA,NA,NA,NA
H2-DMa,Wdfy4,Ppcdc,NA,NA,NA,NA,NA,NA,NA,NA,NA,NA,NA,NA,NA,NA,NA
Cisd1,Dock8,Uqcrh,NA,NA,NA,NA,NA,NA,NA,NA,NA,NA,NA,NA,NA,NA,NA
Mrps26,Rgs14,Ecsit,NA,NA,NA,NA,NA,NA,NA,NA,NA,NA,NA,NA,NA,NA,NA
Eef1a1,Cherp,Rplp0,NA,NA,NA,NA,NA,NA,NA,NA,NA,NA,NA,NA,NA,NA,NA
Apopt1,Plekhg3,Rps28,NA,NA,NA,NA,NA,NA,NA,NA,NA,NA,NA,NA,NA,NA,NA
Chchd5,Atad2b,Lgals1,NA,NA,NA,NA,NA,NA,NA,NA,NA,NA,NA,NA,NA,NA,NA
Dlec1,Gon4l,Gng5,NA,NA,NA,NA,NA,NA,NA,NA,NA,NA,NA,NA,NA,NA,NA
Enpp6,Mdm4,Sars,NA,NA,NA,NA,NA,NA,NA,NA,NA,NA,NA,NA,NA,NA,NA
Edem2,Kdm2a,Il3ra,NA,NA,NA,NA,NA,NA,NA,NA,NA,NA,NA,NA,NA,NA,NA
Hdhd3,Klhl18,Urm1,NA,NA,NA,NA,NA,NA,NA,NA,NA,NA,NA,NA,NA,NA,NA
Gdf15,Pcnx3,H2ac8,NA,NA,NA,NA,NA,NA,NA,NA,NA,NA,NA,NA,NA,NA,NA
Med30,Miga1,Sp110,NA,NA,NA,NA,NA,NA,NA,NA,NA,NA,NA,NA,NA,NA,NA
Ost4,Zzef1,Rpl23,NA,NA,NA,NA,NA,NA,NA,NA,NA,NA,NA,NA,NA,NA,NA
Supt3,Pign,Eef1g,NA,NA,NA,NA,NA,NA,NA,NA,NA,NA,NA,NA,NA,NA,NA
Ppp1r9b,Nbeal2,Ubxn1,NA,NA,NA,NA,NA,NA,NA,NA,NA,NA,NA,NA,NA,NA,NA
Atp6v1g1,Cspp1,Ppia,NA,NA,NA,NA,NA,NA,NA,NA,NA,NA,NA,NA,NA,NA,NA
Cmc1,Sipa1,Ptrh2,NA,NA,NA,NA,NA,NA,NA,NA,NA,NA,NA,NA,NA,NA,NA
Dap,Sptan1,Grcc10,NA,NA,NA,NA,NA,NA,NA,NA,NA,NA,NA,NA,NA,NA,NA
Rpl22l1,Unc13d,1810058I24Rik,NA,NA,NA,NA,NA,NA,NA,NA,NA,NA,NA,NA,NA,NA,NA
Prdm16,Sept11,Cops9,NA,NA,NA,NA,NA,NA,NA,NA,NA,NA,NA,NA,NA,NA,NA
Dcxr,Nrf1,Cenps,NA,NA,NA,NA,NA,NA,NA,NA,NA,NA,NA,NA,NA,NA,NA
Mrpl12,Cdyl,Tldc2,NA,NA,NA,NA,NA,NA,NA,NA,NA,NA,NA,NA,NA,NA,NA
Lap3,Hadhb,BC029722,NA,NA,NA,NA,NA,NA,NA,NA,NA,NA,NA,NA,NA,NA,NA
Ccdc32,Ube4a,Smim26,NA,NA,NA,NA,NA,NA,NA,NA,NA,NA,NA,NA,NA,NA,NA
Tsfm,Taok2,Tmem203,NA,NA,NA,NA,NA,NA,NA,NA,NA,NA,NA,NA,NA,NA,NA
Abhd11,Kif13b,Abracl,NA,NA,NA,NA,NA,NA,NA,NA,NA,NA,NA,NA,NA,NA,NA
Erf,Ppm1b,H2aw,NA,NA,NA,NA,NA,NA,NA,NA,NA,NA,NA,NA,NA,NA,NA
Tmem205,Kif1b,Sec61g,NA,NA,NA,NA,NA,NA,NA,NA,NA,NA,NA,NA,NA,NA,NA
Bivm,Zfp26,Ifi27l2a,NA,NA,NA,NA,NA,NA,NA,NA,NA,NA,NA,NA,NA,NA,NA
Alg13,Parp10,Psme2,NA,NA,NA,NA,NA,NA,NA,NA,NA,NA,NA,NA,NA,NA,NA
Cir1,Arih2,Mthfsl,NA,NA,NA,NA,NA,NA,NA,NA,NA,NA,NA,NA,NA,NA,NA
Mvk,Clasp1,Rpl36a,NA,NA,NA,NA,NA,NA,NA,NA,NA,NA,NA,NA,NA,NA,NA
Tbca,Numa1,Rpl39,NA,NA,NA,NA,NA,NA,NA,NA,NA,NA,NA,NA,NA,NA,NA
H1f8,Msl2,Gm15294,NA,NA,NA,NA,NA,NA,NA,NA,NA,NA,NA,NA,NA,NA,NA
Atf4,Zfyve26,4930595D18Rik,NA,NA,NA,NA,NA,NA,NA,NA,NA,NA,NA,NA,NA,NA,NA
Maff,4931406P16Rik,Ubl5,NA,NA,NA,NA,NA,NA,NA,NA,NA,NA,NA,NA,NA,NA,NA
Acad12,Afdn,Bloc1s1,NA,NA,NA,NA,NA,NA,NA,NA,NA,NA,NA,NA,NA,NA,NA
Wdr55,Cep152,Snrpe,NA,NA,NA,NA,NA,NA,NA,NA,NA,NA,NA,NA,NA,NA,NA
Selenok,Arid1b,Rps27,NA,NA,NA,NA,NA,NA,NA,NA,NA,NA,NA,NA,NA,NA,NA
Krtcap2,Itgad,Myl6,NA,NA,NA,NA,NA,NA,NA,NA,NA,NA,NA,NA,NA,NA,NA
Hebp1,Slc17a7,Rps13,NA,NA,NA,NA,NA,NA,NA,NA,NA,NA,NA,NA,NA,NA,NA
Rpl7,Fryl,Gm5244,NA,NA,NA,NA,NA,NA,NA,NA,NA,NA,NA,NA,NA,NA,NA
Alkbh2,Dgkd,Tma7,NA,NA,NA,NA,NA,NA,NA,NA,NA,NA,NA,NA,NA,NA,NA
N6amt1,Safb,Scnm1,NA,NA,NA,NA,NA,NA,NA,NA,NA,NA,NA,NA,NA,NA,NA
Swi5,Rbm15b,Rpl41,NA,NA,NA,NA,NA,NA,NA,NA,NA,NA,NA,NA,NA,NA,NA
Megf8,Nlrc5,Psmb9,NA,NA,NA,NA,NA,NA,NA,NA,NA,NA,NA,NA,NA,NA,NA
Mfsd5,Arfgef2,Rpl24,NA,NA,NA,NA,NA,NA,NA,NA,NA,NA,NA,NA,NA,NA,NA
Mrps12,Hps6,2310009A05Rik,NA,NA,NA,NA,NA,NA,NA,NA,NA,NA,NA,NA,NA,NA,NA
Rpl27a,Ctdsp2,Gm35549,NA,NA,NA,NA,NA,NA,NA,NA,NA,NA,NA,NA,NA,NA,NA
Gchfr,Bnip3,Ndufb1-ps,NA,NA,NA,NA,NA,NA,NA,NA,NA,NA,NA,NA,NA,NA,NA
Mbtps2,Smarcd2,Vps28,NA,NA,NA,NA,NA,NA,NA,NA,NA,NA,NA,NA,NA,NA,NA
Dusp18,Med12,Maskbp3,NA,NA,NA,NA,NA,NA,NA,NA,NA,NA,NA,NA,NA,NA,NA
Dynlrb1,Cd101,NA,NA,NA,NA,NA,NA,NA,NA,NA,NA,NA,NA,NA,NA,NA,NA
Cltb,Rbm12,NA,NA,NA,NA,NA,NA,NA,NA,NA,NA,NA,NA,NA,NA,NA,NA
Lxn,Lime1,NA,NA,NA,NA,NA,NA,NA,NA,NA,NA,NA,NA,NA,NA,NA,NA
Mafa,Gm14403,NA,NA,NA,NA,NA,NA,NA,NA,NA,NA,NA,NA,NA,NA,NA,NA
Cd3eap,Gbp6,NA,NA,NA,NA,NA,NA,NA,NA,NA,NA,NA,NA,NA,NA,NA,NA
Ccdc6,Gbp5,NA,NA,NA,NA,NA,NA,NA,NA,NA,NA,NA,NA,NA,NA,NA,NA
Trappc1,Eppk1,NA,NA,NA,NA,NA,NA,NA,NA,NA,NA,NA,NA,NA,NA,NA,NA
Slc17a5,NA,NA,NA,NA,NA,NA,NA,NA,NA,NA,NA,NA,NA,NA,NA,NA,NA
Morn4,NA,NA,NA,NA,NA,NA,NA,NA,NA,NA,NA,NA,NA,NA,NA,NA,NA
H2ax,NA,NA,NA,NA,NA,NA,NA,NA,NA,NA,NA,NA,NA,NA,NA,NA,NA
Ch25h,NA,NA,NA,NA,NA,NA,NA,NA,NA,NA,NA,NA,NA,NA,NA,NA,NA
Ubald2,NA,NA,NA,NA,NA,NA,NA,NA,NA,NA,NA,NA,NA,NA,NA,NA,NA
Vamp8,NA,NA,NA,NA,NA,NA,NA,NA,NA,NA,NA,NA,NA,NA,NA,NA,NA
Olfr77,NA,NA,NA,NA,NA,NA,NA,NA,NA,NA,NA,NA,NA,NA,NA,NA,NA
Commd3,NA,NA,NA,NA,NA,NA,NA,NA,NA,NA,NA,NA,NA,NA,NA,NA,NA
Fam174a,NA,NA,NA,NA,NA,NA,NA,NA,NA,NA,NA,NA,NA,NA,NA,NA,NA
Pusl1,NA,NA,NA,NA,NA,NA,NA,NA,NA,NA,NA,NA,NA,NA,NA,NA,NA
Wfdc21,NA,NA,NA,NA,NA,NA,NA,NA,NA,NA,NA,NA,NA,NA,NA,NA,NA
2610001J05Rik,NA,NA,NA,NA,NA,NA,NA,NA,NA,NA,NA,NA,NA,NA,NA,NA,NA
Asna1,NA,NA,NA,NA,NA,NA,NA,NA,NA,NA,NA,NA,NA,NA,NA,NA,NA
C130026I21Rik,NA,NA,NA,NA,NA,NA,NA,NA,NA,NA,NA,NA,NA,NA,NA,NA,NA
BC004004,NA,NA,NA,NA,NA,NA,NA,NA,NA,NA,NA,NA,NA,NA,NA,NA,NA
Suclg1,NA,NA,NA,NA,NA,NA,NA,NA,NA,NA,NA,NA,NA,NA,NA,NA,NA
Mrpl35,NA,NA,NA,NA,NA,NA,NA,NA,NA,NA,NA,NA,NA,NA,NA,NA,NA
Spink2,NA,NA,NA,NA,NA,NA,NA,NA,NA,NA,NA,NA,NA,NA,NA,NA,NA
Aph1c,NA,NA,NA,NA,NA,NA,NA,NA,NA,NA,NA,NA,NA,NA,NA,NA,NA
Sec61b,NA,NA,NA,NA,NA,NA,NA,NA,NA,NA,NA,NA,NA,NA,NA,NA,NA
Gatd3a,NA,NA,NA,NA,NA,NA,NA,NA,NA,NA,NA,NA,NA,NA,NA,NA,NA
Rhob,NA,NA,NA,NA,NA,NA,NA,NA,NA,NA,NA,NA,NA,NA,NA,NA,NA
Zkscan4,NA,NA,NA,NA,NA,NA,NA,NA,NA,NA,NA,NA,NA,NA,NA,NA,NA
Tmem150a,NA,NA,NA,NA,NA,NA,NA,NA,NA,NA,NA,NA,NA,NA,NA,NA,NA
Them6,NA,NA,NA,NA,NA,NA,NA,NA,NA,NA,NA,NA,NA,NA,NA,NA,NA
Pcbp2,NA,NA,NA,NA,NA,NA,NA,NA,NA,NA,NA,NA,NA,NA,NA,NA,NA
Scimp,NA,NA,NA,NA,NA,NA,NA,NA,NA,NA,NA,NA,NA,NA,NA,NA,NA
Dtnbp1,NA,NA,NA,NA,NA,NA,NA,NA,NA,NA,NA,NA,NA,NA,NA,NA,NA
Gapdh,NA,NA,NA,NA,NA,NA,NA,NA,NA,NA,NA,NA,NA,NA,NA,NA,NA
Sdhc,NA,NA,NA,NA,NA,NA,NA,NA,NA,NA,NA,NA,NA,NA,NA,NA,NA
Ube2e2,NA,NA,NA,NA,NA,NA,NA,NA,NA,NA,NA,NA,NA,NA,NA,NA,NA
Rpl30,NA,NA,NA,NA,NA,NA,NA,NA,NA,NA,NA,NA,NA,NA,NA,NA,NA
Fxn,NA,NA,NA,NA,NA,NA,NA,NA,NA,NA,NA,NA,NA,NA,NA,NA,NA
Fcgr3,NA,NA,NA,NA,NA,NA,NA,NA,NA,NA,NA,NA,NA,NA,NA,NA,NA
Trp53,NA,NA,NA,NA,NA,NA,NA,NA,NA,NA,NA,NA,NA,NA,NA,NA,NA
Nsmce2,NA,NA,NA,NA,NA,NA,NA,NA,NA,NA,NA,NA,NA,NA,NA,NA,NA
Fdps,NA,NA,NA,NA,NA,NA,NA,NA,NA,NA,NA,NA,NA,NA,NA,NA,NA
Eif4a1,NA,NA,NA,NA,NA,NA,NA,NA,NA,NA,NA,NA,NA,NA,NA,NA,NA
Grb2,NA,NA,NA,NA,NA,NA,NA,NA,NA,NA,NA,NA,NA,NA,NA,NA,NA
Alox5ap,NA,NA,NA,NA,NA,NA,NA,NA,NA,NA,NA,NA,NA,NA,NA,NA,NA
Psma3,NA,NA,NA,NA,NA,NA,NA,NA,NA,NA,NA,NA,NA,NA,NA,NA,NA
Wtap,NA,NA,NA,NA,NA,NA,NA,NA,NA,NA,NA,NA,NA,NA,NA,NA,NA
Tmem219,NA,NA,NA,NA,NA,NA,NA,NA,NA,NA,NA,NA,NA,NA,NA,NA,NA
H2-Eb1,NA,NA,NA,NA,NA,NA,NA,NA,NA,NA,NA,NA,NA,NA,NA,NA,NA
Cd302,NA,NA,NA,NA,NA,NA,NA,NA,NA,NA,NA,NA,NA,NA,NA,NA,NA
B2m,NA,NA,NA,NA,NA,NA,NA,NA,NA,NA,NA,NA,NA,NA,NA,NA,NA
Stk19,NA,NA,NA,NA,NA,NA,NA,NA,NA,NA,NA,NA,NA,NA,NA,NA,NA
H2-K1,NA,NA,NA,NA,NA,NA,NA,NA,NA,NA,NA,NA,NA,NA,NA,NA,NA
Naca,NA,NA,NA,NA,NA,NA,NA,NA,NA,NA,NA,NA,NA,NA,NA,NA,NA
Snrpa,NA,NA,NA,NA,NA,NA,NA,NA,NA,NA,NA,NA,NA,NA,NA,NA,NA
Akr1b10,NA,NA,NA,NA,NA,NA,NA,NA,NA,NA,NA,NA,NA,NA,NA,NA,NA
Slc25a3,NA,NA,NA,NA,NA,NA,NA,NA,NA,NA,NA,NA,NA,NA,NA,NA,NA
Iah1,NA,NA,NA,NA,NA,NA,NA,NA,NA,NA,NA,NA,NA,NA,NA,NA,NA
Cd200r4,NA,NA,NA,NA,NA,NA,NA,NA,NA,NA,NA,NA,NA,NA,NA,NA,NA
Fabp4,NA,NA,NA,NA,NA,NA,NA,NA,NA,NA,NA,NA,NA,NA,NA,NA,NA
Hikeshi,NA,NA,NA,NA,NA,NA,NA,NA,NA,NA,NA,NA,NA,NA,NA,NA,NA
Ufc1,NA,NA,NA,NA,NA,NA,NA,NA,NA,NA,NA,NA,NA,NA,NA,NA,NA
Mapk3,NA,NA,NA,NA,NA,NA,NA,NA,NA,NA,NA,NA,NA,NA,NA,NA,NA
Nmral1,NA,NA,NA,NA,NA,NA,NA,NA,NA,NA,NA,NA,NA,NA,NA,NA,NA
Hspbp1,NA,NA,NA,NA,NA,NA,NA,NA,NA,NA,NA,NA,NA,NA,NA,NA,NA
Ifi27,NA,NA,NA,NA,NA,NA,NA,NA,NA,NA,NA,NA,NA,NA,NA,NA,NA
H2-T23,NA,NA,NA,NA,NA,NA,NA,NA,NA,NA,NA,NA,NA,NA,NA,NA,NA
Ddrgk1,NA,NA,NA,NA,NA,NA,NA,NA,NA,NA,NA,NA,NA,NA,NA,NA,NA
Chrac1,NA,NA,NA,NA,NA,NA,NA,NA,NA,NA,NA,NA,NA,NA,NA,NA,NA
Clec16a,NA,NA,NA,NA,NA,NA,NA,NA,NA,NA,NA,NA,NA,NA,NA,NA,NA
Psma5,NA,NA,NA,NA,NA,NA,NA,NA,NA,NA,NA,NA,NA,NA,NA,NA,NA
Sf3b4,NA,NA,NA,NA,NA,NA,NA,NA,NA,NA,NA,NA,NA,NA,NA,NA,NA
Dap3,NA,NA,NA,NA,NA,NA,NA,NA,NA,NA,NA,NA,NA,NA,NA,NA,NA
Hist1h2bp,NA,NA,NA,NA,NA,NA,NA,NA,NA,NA,NA,NA,NA,NA,NA,NA,NA
Lyz2,NA,NA,NA,NA,NA,NA,NA,NA,NA,NA,NA,NA,NA,NA,NA,NA,NA
Ndufaf3,NA,NA,NA,NA,NA,NA,NA,NA,NA,NA,NA,NA,NA,NA,NA,NA,NA
Fbxo47,NA,NA,NA,NA,NA,NA,NA,NA,NA,NA,NA,NA,NA,NA,NA,NA,NA
Tmem256,NA,NA,NA,NA,NA,NA,NA,NA,NA,NA,NA,NA,NA,NA,NA,NA,NA
Hs3st3b1,NA,NA,NA,NA,NA,NA,NA,NA,NA,NA,NA,NA,NA,NA,NA,NA,NA
Chchd2,NA,NA,NA,NA,NA,NA,NA,NA,NA,NA,NA,NA,NA,NA,NA,NA,NA
Rmdn3,NA,NA,NA,NA,NA,NA,NA,NA,NA,NA,NA,NA,NA,NA,NA,NA,NA
Rabepk,NA,NA,NA,NA,NA,NA,NA,NA,NA,NA,NA,NA,NA,NA,NA,NA,NA
Ndufb6,NA,NA,NA,NA,NA,NA,NA,NA,NA,NA,NA,NA,NA,NA,NA,NA,NA
Yipf3,NA,NA,NA,NA,NA,NA,NA,NA,NA,NA,NA,NA,NA,NA,NA,NA,NA
Hpcal1,NA,NA,NA,NA,NA,NA,NA,NA,NA,NA,NA,NA,NA,NA,NA,NA,NA
Atp5md,NA,NA,NA,NA,NA,NA,NA,NA,NA,NA,NA,NA,NA,NA,NA,NA,NA
Mpst,NA,NA,NA,NA,NA,NA,NA,NA,NA,NA,NA,NA,NA,NA,NA,NA,NA
Ahnak2,NA,NA,NA,NA,NA,NA,NA,NA,NA,NA,NA,NA,NA,NA,NA,NA,NA
Marc2,NA,NA,NA,NA,NA,NA,NA,NA,NA,NA,NA,NA,NA,NA,NA,NA,NA
Hspe1,NA,NA,NA,NA,NA,NA,NA,NA,NA,NA,NA,NA,NA,NA,NA,NA,NA
Tufm,NA,NA,NA,NA,NA,NA,NA,NA,NA,NA,NA,NA,NA,NA,NA,NA,NA
Rhog,NA,NA,NA,NA,NA,NA,NA,NA,NA,NA,NA,NA,NA,NA,NA,NA,NA
Dda1,NA,NA,NA,NA,NA,NA,NA,NA,NA,NA,NA,NA,NA,NA,NA,NA,NA
Sirpb1c,NA,NA,NA,NA,NA,NA,NA,NA,NA,NA,NA,NA,NA,NA,NA,NA,NA
Cerkl,NA,NA,NA,NA,NA,NA,NA,NA,NA,NA,NA,NA,NA,NA,NA,NA,NA
Kbtbd6,NA,NA,NA,NA,NA,NA,NA,NA,NA,NA,NA,NA,NA,NA,NA,NA,NA
Selenot,NA,NA,NA,NA,NA,NA,NA,NA,NA,NA,NA,NA,NA,NA,NA,NA,NA
Selenos,NA,NA,NA,NA,NA,NA,NA,NA,NA,NA,NA,NA,NA,NA,NA,NA,NA
Msrb1,NA,NA,NA,NA,NA,NA,NA,NA,NA,NA,NA,NA,NA,NA,NA,NA,NA
Gpx4,NA,NA,NA,NA,NA,NA,NA,NA,NA,NA,NA,NA,NA,NA,NA,NA,NA
Rab11b,NA,NA,NA,NA,NA,NA,NA,NA,NA,NA,NA,NA,NA,NA,NA,NA,NA
Sf3b5,NA,NA,NA,NA,NA,NA,NA,NA,NA,NA,NA,NA,NA,NA,NA,NA,NA
Ndufaf8,NA,NA,NA,NA,NA,NA,NA,NA,NA,NA,NA,NA,NA,NA,NA,NA,NA
Vps25,NA,NA,NA,NA,NA,NA,NA,NA,NA,NA,NA,NA,NA,NA,NA,NA,NA
Arpc4,NA,NA,NA,NA,NA,NA,NA,NA,NA,NA,NA,NA,NA,NA,NA,NA,NA
Eloc,NA,NA,NA,NA,NA,NA,NA,NA,NA,NA,NA,NA,NA,NA,NA,NA,NA
Nbdy,NA,NA,NA,NA,NA,NA,NA,NA,NA,NA,NA,NA,NA,NA,NA,NA,NA
Gm12248,NA,NA,NA,NA,NA,NA,NA,NA,NA,NA,NA,NA,NA,NA,NA,NA,NA
Lamtor5,NA,NA,NA,NA,NA,NA,NA,NA,NA,NA,NA,NA,NA,NA,NA,NA,NA
Tnfsf13,NA,NA,NA,NA,NA,NA,NA,NA,NA,NA,NA,NA,NA,NA,NA,NA,NA
Bcl2a1b,NA,NA,NA,NA,NA,NA,NA,NA,NA,NA,NA,NA,NA,NA,NA,NA,NA
Mettl23,NA,NA,NA,NA,NA,NA,NA,NA,NA,NA,NA,NA,NA,NA,NA,NA,NA
Fam71a,NA,NA,NA,NA,NA,NA,NA,NA,NA,NA,NA,NA,NA,NA,NA,NA,NA
Lamtor3,NA,NA,NA,NA,NA,NA,NA,NA,NA,NA,NA,NA,NA,NA,NA,NA,NA
Gm10320,NA,NA,NA,NA,NA,NA,NA,NA,NA,NA,NA,NA,NA,NA,NA,NA,NA
Ppp2r3d,NA,NA,NA,NA,NA,NA,NA,NA,NA,NA,NA,NA,NA,NA,NA,NA,NA
Sirpb1b,NA,NA,NA,NA,NA,NA,NA,NA,NA,NA,NA,NA,NA,NA,NA,NA,NA
Sirpb1a,NA,NA,NA,NA,NA,NA,NA,NA,NA,NA,NA,NA,NA,NA,NA,NA,NA
Vkorc1,NA,NA,NA,NA,NA,NA,NA,NA,NA,NA,NA,NA,NA,NA,NA,NA,NA
Rnf113a2,NA,NA,NA,NA,NA,NA,NA,NA,NA,NA,NA,NA,NA,NA,NA,NA,NA
Bcl2a1d,NA,NA,NA,NA,NA,NA,NA,NA,NA,NA,NA,NA,NA,NA,NA,NA,NA
Bcl2a1a,NA,NA,NA,NA,NA,NA,NA,NA,NA,NA,NA,NA,NA,NA,NA,NA,NA
Gm45799,NA,NA,NA,NA,NA,NA,NA,NA,NA,NA,NA,NA,NA,NA,NA,NA,NA
Eef1akmt4,NA,NA,NA,NA,NA,NA,NA,NA,NA,NA,NA,NA,NA,NA,NA,NA,NA
Pnp,NA,NA,NA,NA,NA,NA,NA,NA,NA,NA,NA,NA,NA,NA,NA,NA,NA
